customer_id,first_purchase_date,last_purchase_date,total_orders,total_revenue_usd,total_items_purchased,avg_order_value_usd
81036435.1157569602,2020-12-14,2020-12-14,1,1530.0,128,1530.0
15046526.4562004600,2020-12-31,2020-12-31,3,1424.0,26,474.67
8083450.3844124226,2020-12-15,2020-12-15,10,1404.0,23,140.4
60695124.4742262801,2020-12-02,2020-12-10,5,1260.0,24,252.0
7134559299.4601048201,2021-01-19,2021-01-19,1,1200.0,12,1200.0
12306432.7939489449,2020-11-13,2020-11-13,1,1170.0,400,1170.0
5645225.6917653454,2020-12-16,2020-12-16,5,1121.0,37,224.2
78221431.2724111930,2020-11-30,2020-12-30,2,1049.0,36,524.5
51248671.8133898155,2020-11-02,2020-11-02,1,998.0,90,998.0
12291446.3815334458,2020-11-07,2020-11-20,6,976.0,29,162.67
41474740.1017155695,2020-11-21,2020-11-21,1,904.0,68,904.0
2566418.5535518831,2021-01-14,2021-01-14,1,865.0,15,865.0
5113443.5387152232,2020-11-08,2020-12-31,2,858.0,61,429.0
99387700.1672480666,2020-11-30,2020-12-08,2,817.0,104,408.5
39388951.3688006674,2020-11-26,2020-11-26,1,806.0,110,806.0
10295267.8818269139,2020-11-02,2020-11-04,6,794.0,35,132.33
2278219.0388083386,2020-12-14,2020-12-14,1,784.0,52,784.0
3833171.6184728360,2020-12-07,2020-12-07,2,771.0,51,385.5
71706603.2631255790,2020-11-25,2020-11-25,7,768.0,60,109.71
1621120.1060958458,2020-12-17,2020-12-17,2,758.0,31,379.0
4484520.5210961028,2020-12-18,2020-12-18,13,752.0,38,57.85
63177378.7681474242,2020-11-30,2020-11-30,4,744.0,24,186.0
1033085.6917088117,2020-12-21,2020-12-21,1,712.0,42,712.0
7019543.7153257093,2020-11-19,2020-11-19,1,708.0,12,708.0
2768703.4866675938,2020-11-24,2020-11-24,1,704.0,20,704.0
1532927.6404323781,2020-12-16,2020-12-16,1,683.0,145,683.0
13141816.1294900403,2020-11-20,2020-11-20,1,680.0,40,680.0
26064119.0281069258,2020-11-20,2020-11-20,1,678.0,14,678.0
41025522.7163055341,2020-12-02,2020-12-11,2,676.0,13,338.0
6822684.1627482502,2020-12-07,2020-12-07,1,671.0,11,671.0
88827381.9303945281,2020-11-19,2021-01-04,2,669.0,159,334.5
40810614.6993876384,2020-12-23,2020-12-23,1,656.0,93,656.0
30220372.7620678894,2020-11-20,2020-11-20,1,646.0,72,646.0
33534334.2982237665,2020-11-23,2020-11-23,1,618.0,34,618.0
87100826.2061583108,2020-11-11,2020-11-11,1,605.0,36,605.0
5766379.6658996628,2020-12-16,2020-12-16,1,600.0,50,600.0
48879002.2084859201,2020-11-25,2020-11-25,1,588.0,15,588.0
2167403.7906456200,2020-12-03,2020-12-21,2,580.0,59,290.0
37930099.3763917539,2020-12-11,2020-12-11,1,576.0,30,576.0
7285756326.1533513847,2020-11-22,2020-11-22,1,570.0,8,570.0
2049470.1567030647,2020-11-30,2020-12-15,7,565.0,32,80.71
18210686.3272655150,2020-12-09,2020-12-09,1,551.0,46,551.0
63264809.7446857295,2020-12-09,2020-12-10,16,544.0,32,34.0
78499362.4704274874,2020-11-24,2020-11-24,1,540.0,30,540.0
25363504.9539525923,2020-12-14,2020-12-14,8,536.0,8,67.0
1279990.2790569705,2020-11-16,2020-11-17,2,532.0,8,266.0
11276007.4623855146,2020-12-16,2020-12-23,2,529.0,10,264.5
27071010.1715411752,2020-12-15,2020-12-15,1,525.0,46,525.0
79509844.1081277926,2020-11-23,2020-12-10,6,522.0,9,87.0
3938933.9449134391,2020-11-28,2020-11-28,1,522.0,39,522.0
50054690.0206427992,2020-12-10,2020-12-10,1,518.0,41,518.0
3883375.8924071243,2020-11-05,2020-12-11,2,517.0,27,258.5
2808102.2330574481,2020-11-07,2020-12-13,5,517.0,34,103.4
45732822.6958771748,2020-11-18,2020-11-18,1,514.0,71,514.0
8156646657.1507119761,2020-11-20,2020-11-20,1,508.0,34,508.0
97950097.5837353470,2020-12-09,2020-12-18,5,491.0,23,98.2
54019036.7189560758,2020-11-23,2020-11-23,1,490.0,28,490.0
51608821.0291355400,2020-11-11,2020-11-17,2,490.0,32,245.0
84288512.1820202145,2020-12-10,2020-12-10,1,484.0,16,484.0
8635951.7155332526,2021-01-24,2021-01-25,6,484.0,17,80.67
2095299.8404862362,2021-01-15,2021-01-21,10,483.0,28,48.3
89140417.9002672475,2020-12-30,2020-12-30,1,480.0,160,480.0
28202253.7064162636,2020-11-23,2020-12-09,2,478.0,13,239.0
38970589.1095437937,2020-11-18,2020-11-18,1,477.0,9,477.0
35710256.3477753994,2020-11-25,2020-11-25,1,474.0,6,474.0
2660071.6760619641,2020-11-19,2020-12-01,3,466.0,24,155.33
11495471.0749512812,2020-12-07,2020-12-07,2,465.0,28,232.5
5373799.6097004022,2020-11-23,2020-12-19,2,462.0,64,231.0
91694984.1982284598,2020-11-04,2020-11-22,3,461.0,20,153.67
53406211.8724008214,2020-12-16,2021-01-07,2,460.0,5,230.0
47567788.3779803485,2020-11-23,2020-11-23,6,456.0,12,76.0
1482564.3987701428,2020-11-02,2020-11-04,3,453.0,12,151.0
5637710.4936907752,2020-11-19,2020-11-19,2,452.0,12,226.0
1440737.0883647632,2020-11-06,2020-11-06,9,450.0,36,50.0
2972042.1160295830,2020-12-01,2020-12-01,1,449.0,14,449.0
43678268.2433515488,2020-12-09,2020-12-09,1,446.0,18,446.0
7680193331.8740202405,2020-11-30,2020-11-30,1,443.0,31,443.0
80921507.1393350408,2020-11-18,2020-11-20,4,438.0,17,109.5
5002058.4107238120,2020-12-08,2020-12-09,2,437.0,22,218.5
7634543.7021985089,2020-12-09,2020-12-21,2,431.0,13,215.5
87666696.5302025907,2020-12-07,2020-12-10,3,427.0,31,142.33
30675676.3150878065,2020-11-20,2020-11-20,1,424.0,14,424.0
67242982.0432343274,2020-12-16,2020-12-16,3,423.0,21,141.0
1415699.2356865981,2020-11-25,2020-12-13,3,416.0,18,138.67
4376619.9958221943,2020-11-08,2020-11-08,2,408.0,4,204.0
80208775.3915875119,2020-11-25,2020-12-14,5,406.0,16,81.2
25335187.2299023217,2020-12-07,2020-12-08,2,405.0,8,202.5
3099934.0263391283,2020-12-08,2020-12-08,1,404.0,7,404.0
8822878673.4974906772,2020-11-18,2021-01-28,6,398.0,23,66.33
9431683.5830577678,2020-11-24,2020-11-24,1,396.0,8,396.0
72275845.1755516158,2021-01-21,2021-01-21,1,395.0,70,395.0
2275313.5266564172,2020-12-07,2020-12-07,1,394.0,42,394.0
58881820.3673642140,2020-11-25,2020-12-01,2,393.0,55,196.5
5299488.0522490006,2020-11-02,2020-11-12,3,390.0,10,130.0
32820105.2111076078,2020-11-23,2020-11-23,1,386.0,16,386.0
1793657.4173240079,2020-12-08,2020-12-08,1,386.0,60,386.0
13756133.7762491194,2020-12-15,2020-12-24,3,384.0,20,128.0
9073224.2742948399,2020-11-06,2020-12-08,2,384.0,11,192.0
36794743.0115266107,2020-11-24,2020-11-24,1,384.0,56,384.0
3327202.0943712796,2020-11-23,2020-11-30,3,378.0,5,126.0
73714607.3371536902,2020-11-28,2020-11-28,1,377.0,32,377.0
31556860.5592810420,2020-12-04,2020-12-04,2,376.0,10,188.0
3175490.8020123919,2020-12-09,2020-12-09,1,376.0,20,376.0
39602761.4128729087,2020-11-20,2020-12-17,2,376.0,20,188.0
40953348.8523432987,2020-12-10,2020-12-10,1,375.0,15,375.0
3381037907.7217581644,2020-12-02,2020-12-02,2,374.0,13,187.0
59283995.2508616440,2020-11-26,2020-11-27,2,374.0,35,187.0
70274582.7964868916,2020-11-21,2020-11-21,1,370.0,10,370.0
59150872.6355994877,2020-11-28,2020-12-11,3,365.0,9,121.67
7479349.1949480609,2021-01-21,2021-01-21,1,364.0,8,364.0
5244179.4867323211,2020-12-18,2020-12-18,1,362.0,14,362.0
1663781.3078124746,2020-12-02,2020-12-07,2,361.0,20,180.5
44080603.5651121314,2020-12-09,2020-12-09,1,361.0,37,361.0
81834479.5125091790,2020-11-13,2020-11-13,2,359.0,24,179.5
6449198.2526522279,2021-01-23,2021-01-23,1,355.0,13,355.0
5945718.9383173023,2020-11-14,2020-11-14,1,354.0,12,354.0
3018471.2187154322,2020-11-13,2020-12-29,4,354.0,14,88.5
38420537.7216639441,2020-11-20,2020-11-20,1,354.0,16,354.0
53709875.3635794172,2020-11-03,2020-11-03,2,353.0,7,176.5
3282203.4038192177,2020-11-22,2020-11-22,1,352.0,8,352.0
4570994.5660099908,2020-12-14,2020-12-15,2,351.0,25,175.5
34715004.0442654743,2020-12-12,2020-12-23,6,350.0,18,58.33
3518681.5571822382,2021-01-22,2021-01-22,1,347.0,9,347.0
74208315.1089315761,2020-12-10,2020-12-10,1,345.0,8,345.0
8673800.8985723616,2020-12-13,2020-12-13,1,342.0,18,342.0
85305313.7561330759,2021-01-02,2021-01-02,1,341.0,32,341.0
31825674.2113685011,2020-11-30,2020-11-30,3,336.0,8,112.0
81335886.8473727587,2020-11-19,2020-11-19,1,336.0,8,336.0
3578162.0623899917,2020-11-20,2020-12-09,2,331.0,11,165.5
8579252.3506286297,2020-11-23,2020-11-23,1,330.0,42,330.0
57471045.2261985947,2020-12-04,2020-12-04,1,326.0,144,326.0
16291219.8111422394,2020-12-05,2020-12-06,2,325.0,7,162.5
49288108.7792907743,2020-11-16,2020-11-16,1,325.0,75,325.0
55194119.6469234549,2020-12-10,2020-12-10,3,325.0,13,108.33
7722668.2787414860,2020-12-16,2020-12-16,1,324.0,6,324.0
27314189.0356814830,2020-12-04,2020-12-04,2,323.0,24,161.5
28624446.9980540301,2020-12-04,2020-12-04,2,322.0,6,161.0
4819495.8466668365,2021-01-09,2021-01-09,3,322.0,12,107.33
6488582.8788491425,2020-11-21,2020-11-21,1,322.0,22,322.0
71563215.6886463640,2020-11-13,2020-12-23,2,320.0,13,160.0
3122197.9178413688,2020-12-12,2020-12-12,1,320.0,20,320.0
7254379.8573622074,2020-11-17,2020-11-29,3,318.0,8,106.0
3414474.3739440974,2020-12-22,2020-12-22,1,318.0,8,318.0
44208623.4340317802,2020-11-04,2020-11-11,3,317.0,13,105.67
73427198.7537900210,2020-12-20,2020-12-20,1,314.0,17,314.0
3159757.1355046671,2020-12-12,2020-12-12,1,314.0,16,314.0
2541331.2931528712,2020-11-10,2020-11-10,1,311.0,22,311.0
5579434.4769739748,2020-12-05,2020-12-05,1,307.0,7,307.0
66036121.7799299870,2020-12-14,2020-12-14,1,305.0,11,305.0
1160488.2375923167,2021-01-01,2021-01-01,1,305.0,49,305.0
3216886.8311598059,2020-11-30,2020-11-30,1,305.0,13,305.0
5558273.2492198100,2020-11-17,2020-11-17,1,305.0,8,305.0
2608462.0797346127,2020-11-24,2020-12-01,4,304.0,13,76.0
2992162.7816495834,2020-11-13,2020-11-28,3,300.0,6,100.0
40652857.6013892710,2021-01-24,2021-01-24,1,300.0,7,300.0
48981361.3028514075,2020-11-10,2020-11-10,1,299.0,15,299.0
8305679.2059616518,2020-11-25,2020-11-25,1,299.0,20,299.0
7221347.4127394632,2020-12-14,2020-12-14,3,298.0,8,99.33
9134268.2677185739,2020-11-21,2020-11-21,1,298.0,24,298.0
64451489.6117020616,2020-11-27,2020-11-27,1,298.0,52,298.0
57065333.7001768225,2021-01-06,2021-01-06,2,295.0,18,147.5
25633378.1133836718,2020-12-28,2020-12-28,1,294.0,60,294.0
73497675.9720954301,2021-01-11,2021-01-21,3,294.0,15,98.0
2897030438.4111142859,2020-11-08,2020-11-08,1,292.0,5,292.0
5084920.8860557208,2020-12-11,2020-12-11,1,292.0,37,292.0
6488580233.2228683836,2020-12-16,2020-12-16,1,291.0,13,291.0
1561271.7182118121,2020-11-22,2020-11-22,1,290.0,14,290.0
8626343.9684026120,2020-12-11,2020-12-12,3,288.0,9,96.0
33234318.3224761950,2020-12-15,2020-12-15,1,287.0,8,287.0
5310177.6035821276,2020-12-04,2020-12-04,2,287.0,6,143.5
48159916.2278332378,2020-11-19,2020-12-16,3,284.0,4,94.67
5607144.6246327246,2020-11-20,2020-11-20,1,284.0,10,284.0
6445892.8785219212,2020-11-20,2020-11-20,1,284.0,20,284.0
62921407.7385261228,2020-12-20,2020-12-20,1,282.0,4,282.0
12545442.9053678590,2021-01-22,2021-01-25,11,280.0,17,25.45
2355616.9460032382,2020-11-24,2020-11-24,1,280.0,12,280.0
65608889.8290462049,2020-11-03,2020-11-03,1,279.0,9,279.0
17092913.6445812691,2021-01-20,2021-01-23,2,278.0,9,139.0
33519070.9701128272,2020-12-04,2020-12-04,1,278.0,21,278.0
1245203.1205410719,2020-12-16,2020-12-23,4,277.0,7,69.25
64681465.6816600292,2020-11-25,2021-01-27,3,277.0,16,92.33
5305452.1871311002,2020-11-29,2020-12-11,2,277.0,12,138.5
38139183.3747160528,2021-01-18,2021-01-18,1,276.0,9,276.0
98020186.6825178467,2020-11-10,2020-11-30,2,274.0,8,137.0
3041494.0908353891,2020-11-20,2020-12-21,2,272.0,15,136.0
34566418.3175234997,2020-12-14,2020-12-14,1,272.0,48,272.0
23188793.3504076068,2020-11-08,2020-11-08,1,272.0,5,272.0
1164842.6741102569,2020-12-01,2020-12-01,1,271.0,12,271.0
42744232.1088543265,2020-12-07,2020-12-07,9,270.0,9,30.0
2314652.7895916826,2020-11-28,2020-11-28,1,270.0,13,270.0
86226481.4357835444,2020-12-16,2020-12-16,8,270.0,9,33.75
1605564.2171778452,2020-12-15,2020-12-22,3,268.0,5,89.33
39816785.0776255763,2020-11-25,2020-11-25,2,266.0,16,133.0
80825724.4005939752,2020-11-26,2020-11-26,1,266.0,6,266.0
6513698.9723353874,2020-11-24,2020-11-24,1,266.0,20,266.0
7064082.7860041455,2021-01-20,2021-01-20,1,266.0,4,266.0
56795799.9574176777,2020-11-05,2020-11-05,1,265.0,25,265.0
34490273.5966302679,2020-11-24,2020-11-24,6,264.0,6,44.0
72967154.2008054722,2020-11-19,2020-11-19,1,264.0,6,264.0
32190182.0699794389,2020-12-08,2020-12-08,1,263.0,36,263.0
52336592.9891124820,2020-12-05,2020-12-05,1,262.0,18,262.0
44948793.1646090451,2020-11-15,2020-11-15,1,262.0,6,262.0
8263478975.0153803823,2020-11-20,2020-11-20,1,260.0,60,260.0
83739349.8729103328,2020-11-28,2020-11-28,2,259.0,27,129.5
63829798.3654577693,2020-12-03,2020-12-03,1,258.0,26,258.0
58104072.2659495100,2020-11-09,2020-12-07,5,257.0,11,51.4
3327716.6139481359,2020-11-23,2020-11-26,2,257.0,18,128.5
4663569.8394119852,2020-12-05,2020-12-11,2,257.0,5,128.5
75294747.2712173356,2020-11-24,2020-11-24,2,256.0,18,128.0
5175868.5309206965,2020-12-17,2020-12-17,1,256.0,20,256.0
6643240028.3907368685,2020-12-10,2020-12-10,2,255.0,9,127.5
68441141.3197623367,2020-12-01,2020-12-01,2,254.0,6,127.0
63837285.4662582710,2020-12-08,2020-12-08,1,253.0,12,253.0
84534898.7989426950,2020-12-17,2020-12-19,6,252.0,18,42.0
4707239.1008432127,2020-11-20,2020-12-23,3,252.0,7,84.0
7275494.7811178530,2020-12-07,2020-12-17,3,252.0,4,84.0
79437846.7966348856,2020-12-17,2020-12-18,2,251.0,15,125.5
3046093.2167709173,2020-12-13,2020-12-13,5,249.0,14,49.8
3231609.9615457151,2020-11-25,2020-12-06,2,249.0,11,124.5
26822369.2318540291,2020-11-30,2020-12-01,2,249.0,12,124.5
5820525.4112921353,2020-11-24,2020-11-24,1,248.0,3,248.0
5370675.2157971187,2020-11-17,2020-11-17,1,247.0,23,247.0
7305312.0773204883,2020-11-19,2020-11-21,2,246.0,22,123.0
41904644.7032979505,2020-11-24,2020-11-24,1,246.0,14,246.0
8889945.3857316896,2020-12-14,2020-12-14,1,246.0,26,246.0
78710713.2392067740,2020-11-23,2020-11-23,1,246.0,12,246.0
8278411.7423220409,2020-12-10,2020-12-11,4,246.0,9,61.5
32985797.1699921045,2020-12-10,2020-12-10,1,245.0,10,245.0
6006118.2429897577,2020-11-30,2020-11-30,1,245.0,12,245.0
39049984.4198737878,2020-12-19,2021-01-27,4,243.0,9,60.75
50546952.1039923649,2020-11-29,2020-11-29,1,243.0,5,243.0
51216998.9738761037,2020-12-15,2020-12-15,1,242.0,8,242.0
92422851.0520335541,2020-12-15,2020-12-15,1,242.0,30,242.0
4116825.4321746815,2020-12-17,2020-12-17,8,240.0,8,30.0
74016002.6019650209,2020-11-13,2020-11-13,3,240.0,13,80.0
3402018.0291081671,2020-11-19,2020-11-19,1,240.0,14,240.0
48482961.7353796273,2021-01-06,2021-01-06,1,240.0,12,240.0
2251343.9552099455,2020-12-29,2020-12-29,1,240.0,10,240.0
5039183135.2699720432,2020-11-21,2020-11-21,1,240.0,2,240.0
9101213.9063728582,2020-11-29,2020-11-29,1,239.0,8,239.0
28916400.9213822241,2021-01-23,2021-01-23,1,239.0,13,239.0
70587803.9229757124,2020-12-09,2020-12-11,4,239.0,22,59.75
58404409.8347902611,2020-11-22,2020-11-22,1,238.0,4,238.0
27754794.4046505931,2020-11-24,2020-11-24,1,238.0,4,238.0
3310339.4446432370,2020-12-04,2020-12-04,1,237.0,18,237.0
84636323.8110704850,2020-12-17,2020-12-17,1,237.0,8,237.0
5776696.8626570449,2020-11-30,2020-12-05,2,236.0,15,118.0
22222567.3132315095,2020-11-20,2020-11-20,1,236.0,16,236.0
1534773.3101496826,2020-11-02,2020-11-02,2,236.0,5,118.0
78331614.5702890138,2021-01-24,2021-01-24,1,236.0,18,236.0
6266986.5618192324,2020-11-27,2020-11-28,2,235.0,20,117.5
14319429.3848600934,2020-11-08,2020-11-08,1,235.0,2,235.0
79305784.7623717578,2020-11-04,2020-11-04,13,234.0,13,18.0
79260143.2564567739,2020-11-29,2020-11-29,1,233.0,13,233.0
7688722.6706829800,2020-11-29,2021-01-19,4,233.0,15,58.25
49068184.0131644651,2020-11-23,2020-11-23,1,232.0,12,232.0
6556724.6722841168,2020-11-27,2020-11-27,2,232.0,10,116.0
6801200.8968241705,2020-11-17,2020-12-11,4,231.0,18,57.75
1624875.9469354174,2020-11-25,2020-11-25,1,231.0,4,231.0
47512557.1077158577,2020-12-12,2020-12-12,1,231.0,39,231.0
7534419.7933326516,2020-11-16,2020-11-16,1,231.0,6,231.0
3435332.1615492469,2020-11-22,2020-11-22,1,230.0,6,230.0
5516326.8444687928,2021-01-20,2021-01-20,1,230.0,18,230.0
27683683.6299831306,2020-11-25,2020-12-09,2,229.0,7,114.5
4976040.5511752417,2020-12-09,2020-12-09,1,228.0,9,228.0
12916310.0404298738,2020-12-13,2020-12-13,1,227.0,22,227.0
6961058.7244207405,2020-11-27,2020-11-27,1,226.0,9,226.0
7193125.5982849186,2020-11-29,2020-11-29,1,226.0,8,226.0
2819497.0596567487,2020-12-16,2020-12-26,2,225.0,47,112.5
2321760.0432411967,2020-12-03,2020-12-04,3,225.0,15,75.0
14763691.5596383469,2020-11-22,2020-11-27,2,225.0,18,112.5
3365134.0673833488,2020-12-17,2020-12-17,1,225.0,3,225.0
2563148.0852215497,2021-01-23,2021-01-23,1,224.0,33,224.0
28750238.4461447574,2020-11-07,2020-11-07,1,224.0,58,224.0
17453487.1522301419,2020-12-06,2020-12-06,2,223.0,6,111.5
3188737051.8836428627,2020-11-17,2020-11-17,2,223.0,6,111.5
38120148.2885726823,2020-12-07,2020-12-07,1,223.0,6,223.0
74351856.8000104870,2020-12-12,2020-12-12,1,223.0,24,223.0
19173235.3605594670,2021-01-15,2021-01-19,4,222.0,16,55.5
29271335.8588196561,2021-01-08,2021-01-08,1,221.0,4,221.0
1395824.1622992884,2020-11-30,2020-11-30,1,220.0,5,220.0
7748359.5667737603,2020-12-16,2020-12-16,1,219.0,25,219.0
4231038.0723891741,2020-11-21,2020-12-09,2,219.0,9,109.5
7771300.1338167684,2020-11-27,2020-11-27,1,219.0,9,219.0
53887436.1726083498,2020-11-03,2020-11-03,1,219.0,5,219.0
6195712.5561534807,2020-12-09,2020-12-09,2,218.0,9,109.0
7453835.7513761923,2020-11-17,2020-11-20,2,218.0,12,109.0
45408917.7275708611,2020-11-28,2020-11-28,1,218.0,5,218.0
24207018.3974015161,2021-01-03,2021-01-03,1,217.0,10,217.0
53769790.5488226810,2020-11-11,2020-12-18,2,217.0,7,108.5
7477637.2776014049,2020-12-10,2021-01-12,3,216.0,13,72.0
58603767.6719650157,2020-11-30,2020-11-30,1,216.0,22,216.0
8354945.6306403663,2020-12-04,2020-12-04,3,216.0,9,72.0
3291666.2185697988,2020-12-22,2020-12-22,1,216.0,23,216.0
40919582.2188794043,2020-12-15,2020-12-15,1,216.0,10,216.0
5312155.7410092259,2020-11-10,2020-12-02,5,214.0,7,42.8
32328904.6840270281,2020-11-16,2020-11-16,1,214.0,4,214.0
80102056.6809389391,2020-11-28,2020-12-14,2,214.0,11,107.0
82604808.5833749347,2020-12-16,2020-12-16,1,214.0,13,214.0
3630058.7076110762,2021-01-10,2021-01-10,1,214.0,9,214.0
30859745.1125051499,2021-01-19,2021-01-19,1,214.0,3,214.0
11509726.0727055406,2020-12-14,2020-12-14,2,213.0,9,106.5
1026932.0858862293,2020-12-01,2020-12-08,3,213.0,4,71.0
61577291.2144566004,2020-11-20,2020-11-20,1,212.0,10,212.0
8337415.6051453076,2020-11-21,2020-12-12,2,212.0,16,106.0
87326376.7596593080,2020-11-02,2020-11-02,1,212.0,3,212.0
27701936.3565936806,2020-11-16,2020-11-16,1,211.0,9,211.0
47515634.0452819199,2020-12-02,2020-12-02,1,211.0,11,211.0
81632350.4358345762,2020-12-17,2020-12-17,7,210.0,7,30.0
7228563.7799869763,2021-01-11,2021-01-22,2,210.0,9,105.0
1393292.7340025556,2020-11-10,2020-11-26,2,210.0,7,105.0
88361744.4940705869,2020-11-29,2020-11-29,1,210.0,10,210.0
8859594.9308619893,2020-12-29,2020-12-29,1,210.0,40,210.0
11174427.4523965634,2020-11-17,2020-11-17,1,209.0,16,209.0
4229717.4815659011,2021-01-24,2021-01-24,1,209.0,5,209.0
1063363.8922941272,2021-01-12,2021-01-12,1,208.0,13,208.0
5579251.3024079662,2020-11-28,2020-11-28,1,208.0,12,208.0
73478648.4870101641,2020-12-10,2020-12-27,2,208.0,36,104.0
1317256.8451359656,2020-11-19,2020-11-19,1,208.0,36,208.0
7125962.1798454198,2020-12-07,2020-12-07,1,208.0,14,208.0
7750159.6505312378,2020-11-23,2020-12-11,4,207.0,14,51.75
62041179.6162419229,2020-12-16,2020-12-16,1,207.0,19,207.0
6596516.5623513414,2021-01-20,2021-01-21,2,207.0,12,103.5
3529297.9210463119,2020-11-08,2020-11-08,1,206.0,5,206.0
6044369.0763862711,2020-11-23,2020-11-23,1,206.0,6,206.0
42583182.3977693374,2021-01-08,2021-01-08,1,205.0,21,205.0
39049092.9395215156,2020-12-08,2020-12-09,6,204.0,12,34.0
54535436.2028528496,2020-11-23,2020-11-23,2,204.0,24,102.0
12411444.0410367159,2020-12-08,2020-12-08,1,204.0,7,204.0
66572919.0070303795,2020-11-24,2020-11-24,1,204.0,6,204.0
7242688.0843867208,2020-12-16,2020-12-16,3,204.0,18,68.0
71773191.3267798855,2020-12-23,2020-12-23,1,203.0,6,203.0
1961021.4251862365,2020-11-30,2020-11-30,1,203.0,12,203.0
5674547.8008141064,2020-11-20,2020-12-03,2,202.0,11,101.0
70285128.0156104398,2021-01-12,2021-01-12,1,202.0,10,202.0
5898251.1308942779,2020-12-08,2020-12-17,7,200.0,7,28.57
1874599.7824854030,2020-12-19,2020-12-19,2,200.0,10,100.0
53379384.0448742187,2020-11-10,2020-11-10,1,200.0,67,200.0
6034317.4561707953,2020-12-10,2020-12-10,1,199.0,8,199.0
51605325.8215613948,2020-11-16,2020-12-07,3,199.0,10,66.33
70532365.4711674582,2020-11-06,2020-11-06,1,199.0,5,199.0
7147579.2005144402,2020-11-27,2020-11-27,1,199.0,5,199.0
34267479.4710386287,2020-12-14,2020-12-15,3,198.0,14,66.0
1486195554.5255114980,2020-12-11,2020-12-17,3,198.0,6,66.0
3135759.6931516852,2020-11-16,2020-11-16,1,198.0,12,198.0
2011898130.9354861717,2020-12-02,2021-01-14,3,198.0,8,66.0
6628033917.0193794826,2020-11-19,2020-11-19,2,198.0,18,99.0
2448440.0955846512,2020-11-30,2020-11-30,1,198.0,4,198.0
6652977.1027873844,2020-11-17,2020-11-17,4,197.0,12,49.25
40725997.7080496130,2020-12-11,2020-12-11,3,197.0,3,65.67
44822468.0260411018,2020-12-06,2020-12-06,1,197.0,19,197.0
78113847.9152616369,2020-11-23,2020-11-23,1,196.0,12,196.0
8156015.0433362204,2020-12-16,2020-12-17,2,196.0,30,98.0
5584543.6745627539,2020-11-23,2020-11-23,1,194.0,6,194.0
2766869.1150503520,2021-01-25,2021-01-25,1,194.0,6,194.0
2765238449.6586996303,2020-11-24,2020-11-24,1,194.0,12,194.0
5561956.8525640382,2020-11-19,2020-11-19,1,194.0,10,194.0
76219348.8581271685,2020-11-30,2020-11-30,1,194.0,10,194.0
59655965.0647426255,2020-12-08,2020-12-13,2,194.0,9,97.0
54134313.7729355877,2020-12-05,2020-12-05,1,194.0,4,194.0
47320569.5663739973,2020-12-17,2020-12-17,1,194.0,34,194.0
66897566.4482598405,2020-11-23,2021-01-29,2,194.0,6,97.0
35949966.2815169272,2020-11-08,2020-11-08,1,193.0,12,193.0
12852776.3686074468,2020-12-18,2020-12-18,1,193.0,17,193.0
65671033.8875667472,2020-11-27,2020-11-27,2,192.0,6,96.0
40419717.4317588714,2020-11-02,2020-11-02,1,192.0,12,192.0
31434781.7401740396,2020-12-18,2020-12-18,1,192.0,4,192.0
90732736.8391346787,2020-11-26,2020-11-26,1,192.0,10,192.0
8631746.0136342760,2020-12-17,2020-12-17,1,191.0,11,191.0
628363132.9737513033,2020-12-19,2020-12-19,1,191.0,16,191.0
72114424.5827774039,2020-11-16,2020-12-07,2,191.0,16,95.5
8224884.5817385201,2020-11-30,2020-11-30,1,191.0,13,191.0
1983361950.0406778458,2020-12-10,2020-12-10,1,190.0,5,190.0
6456054.7140086813,2021-01-21,2021-01-21,1,190.0,6,190.0
86949711.6238778520,2020-12-18,2020-12-18,7,189.0,21,27.0
84868240.4309852777,2020-11-16,2020-11-17,2,189.0,10,94.5
8816916.6059271167,2020-12-07,2021-01-26,2,189.0,6,94.5
9162399.0802989525,2020-11-30,2020-11-30,1,189.0,10,189.0
36342934.1053894040,2020-11-18,2020-11-18,3,189.0,3,63.0
12174342.2198928658,2020-11-27,2020-11-27,1,189.0,9,189.0
70013731.5220508342,2020-11-17,2020-11-17,6,188.0,15,31.33
40215313.8233626662,2020-12-05,2020-12-05,1,188.0,7,188.0
80123648.0068941500,2020-11-25,2020-11-25,1,188.0,18,188.0
8504426.1216196705,2020-11-06,2020-11-06,2,188.0,2,94.0
9067917.4467737421,2020-12-11,2020-12-22,2,188.0,4,94.0
49777952.2680869968,2020-11-17,2020-11-17,1,188.0,30,188.0
4958713.6586294189,2020-11-24,2020-11-24,1,188.0,6,188.0
7252675.9081491443,2020-11-27,2020-11-27,1,188.0,7,188.0
86816051.5538787911,2020-11-13,2020-12-12,2,187.0,14,93.5
7446712.2726872272,2020-11-04,2020-11-13,3,186.0,8,62.0
6578204.1614469741,2020-12-01,2021-01-16,2,186.0,11,93.0
68044065.2390765612,2020-11-29,2020-11-29,1,185.0,6,185.0
4022774245.7650545822,2020-12-13,2020-12-13,2,185.0,5,92.5
80606681.4991751112,2020-12-01,2020-12-01,1,185.0,16,185.0
1822000.8128019496,2020-11-27,2020-11-27,1,185.0,25,185.0
1645066.3355511314,2020-12-12,2020-12-12,2,185.0,17,92.5
49129255.3105543415,2020-11-25,2020-11-25,1,185.0,6,185.0
2543812.1952863671,2020-12-09,2020-12-09,1,185.0,11,185.0
6414647.4737074407,2020-12-11,2020-12-11,2,185.0,16,92.5
1593060.9903989741,2020-12-16,2020-12-16,1,184.0,2,184.0
62739166.8660781806,2020-12-18,2020-12-18,1,184.0,13,184.0
1685178.0670336190,2020-11-21,2020-12-23,2,184.0,3,92.0
13889156.1708430041,2020-11-12,2020-11-12,1,184.0,8,184.0
7150186.6926554484,2020-11-18,2020-11-18,1,184.0,2,184.0
2418457.6264805451,2020-12-23,2020-12-31,3,183.0,13,61.0
84647660.6681637188,2021-01-02,2021-01-02,1,183.0,11,183.0
1014825.0200289249,2020-11-03,2020-11-03,1,183.0,6,183.0
2994751.6580189667,2020-12-21,2020-12-21,1,183.0,4,183.0
7191442.1007439176,2021-01-25,2021-01-25,1,182.0,6,182.0
57810963.2944308437,2020-12-01,2020-12-01,1,182.0,5,182.0
3519862.5500955315,2020-11-30,2021-01-24,2,182.0,5,91.0
5401870.8880744857,2020-12-05,2020-12-05,1,182.0,6,182.0
65347516.5438714743,2020-11-11,2020-11-11,1,182.0,5,182.0
71216083.8823170998,2020-11-27,2020-11-27,1,181.0,8,181.0
30015563.8542768971,2020-12-14,2020-12-14,1,181.0,5,181.0
3949544.2182643123,2020-12-01,2021-01-06,3,180.0,5,60.0
77283283.8065996514,2020-11-21,2020-12-09,2,180.0,7,90.0
7307937.9736138181,2020-12-10,2020-12-10,1,180.0,11,180.0
51153409.8050128631,2020-12-11,2020-12-14,2,180.0,4,90.0
74576246.9093845667,2020-11-09,2020-12-02,2,179.0,6,89.5
6533788.3267075710,2020-11-23,2020-12-13,2,179.0,8,89.5
77805852.6832906360,2020-11-24,2020-12-16,2,179.0,11,89.5
64740644.1898496568,2020-12-21,2020-12-21,1,179.0,4,179.0
88890409.0907454901,2020-11-24,2020-11-24,1,178.0,2,178.0
1470110.5021681506,2020-11-25,2020-11-25,1,178.0,17,178.0
36739590.6951379629,2020-12-09,2020-12-09,1,178.0,7,178.0
5795144.5608491958,2020-11-22,2020-11-22,2,178.0,8,89.0
56346352.5809156833,2020-12-09,2020-12-09,1,178.0,7,178.0
5542571.2196139050,2020-12-10,2020-12-10,1,178.0,12,178.0
5028681.2169404320,2020-12-11,2020-12-11,1,177.0,7,177.0
8735747.5391513797,2020-12-29,2021-01-13,3,177.0,4,59.0
8729822.7526838334,2020-11-24,2020-12-24,2,177.0,18,88.5
49763131.6438442163,2020-12-09,2020-12-09,1,177.0,5,177.0
81824760.1222124625,2020-11-09,2020-11-09,1,177.0,4,177.0
2272379.8750640009,2020-12-04,2020-12-04,1,177.0,12,177.0
37354985.1803131889,2020-12-08,2020-12-08,1,177.0,11,177.0
33063796.1679893984,2020-12-09,2020-12-09,1,176.0,12,176.0
75611414.7949596702,2020-11-20,2020-11-20,1,176.0,6,176.0
53168426.9247441890,2020-12-14,2020-12-14,1,176.0,6,176.0
30956870.6460404440,2020-12-05,2020-12-05,2,176.0,12,88.0
3432659.9858672821,2020-11-16,2020-11-17,2,176.0,4,88.0
6072463.1803217592,2020-11-25,2020-11-25,1,176.0,8,176.0
85089615.0421191291,2020-12-17,2020-12-17,1,176.0,7,176.0
4425556.0061611363,2020-12-12,2020-12-12,1,176.0,7,176.0
40103327.3649897811,2020-12-11,2020-12-11,1,176.0,4,176.0
6134557.2662121134,2020-11-18,2020-11-18,1,176.0,4,176.0
13965501.3079306644,2020-11-08,2020-11-25,2,176.0,18,88.0
8086948.1354933724,2020-12-08,2020-12-08,1,176.0,9,176.0
26218636.4439892320,2020-12-07,2020-12-07,1,175.0,7,175.0
68179423.3220502588,2020-12-18,2020-12-18,1,175.0,9,175.0
9209938.5004119512,2020-12-11,2020-12-11,2,175.0,4,87.5
17829165.8694191080,2020-12-10,2020-12-10,1,175.0,9,175.0
7487454.9043521164,2020-11-30,2020-11-30,1,175.0,4,175.0
1525779.2780994637,2020-11-02,2020-11-02,1,175.0,3,175.0
6176511.0161757198,2020-12-10,2020-12-10,1,175.0,15,175.0
1817516.7864464285,2020-12-14,2020-12-14,1,174.0,6,174.0
3030394.7459625087,2020-11-15,2020-11-15,1,174.0,6,174.0
23631351.0257452991,2020-12-09,2020-12-09,1,174.0,4,174.0
45465207.4943375965,2020-12-08,2021-01-11,2,174.0,4,87.0
32903632.0574579540,2020-11-17,2020-11-17,1,174.0,13,174.0
3211830.1153763654,2020-11-30,2020-11-30,1,174.0,6,174.0
7670494.0367304220,2020-12-17,2020-12-18,2,174.0,5,87.0
2526035958.7467790703,2020-12-15,2020-12-15,1,174.0,4,174.0
4070503.9473605760,2020-12-10,2020-12-10,1,173.0,30,173.0
64212254.2445190855,2021-01-20,2021-01-20,1,173.0,7,173.0
28635254.0781084583,2021-01-22,2021-01-22,1,173.0,9,173.0
3698543.6654155044,2020-12-11,2020-12-11,2,173.0,25,86.5
4553520.4581207598,2021-01-13,2021-01-13,1,173.0,16,173.0
1052855.9145777052,2020-12-12,2021-01-15,2,173.0,10,86.5
7770092.5618500764,2020-11-24,2020-11-24,1,172.0,8,172.0
766583098.5979816085,2020-12-08,2020-12-08,2,172.0,9,86.0
70870420.8943424184,2020-12-07,2020-12-07,1,172.0,9,172.0
3855098781.8871500534,2020-11-03,2020-11-07,2,171.0,5,85.5
3198843.0611848527,2020-12-16,2020-12-16,1,171.0,15,171.0
76356424.0978454972,2020-11-18,2020-11-18,1,170.0,22,170.0
7128823.1776740707,2020-11-02,2020-11-02,1,170.0,6,170.0
62091849.9050525976,2020-12-07,2020-12-07,1,170.0,17,170.0
67522359.2848039358,2020-11-12,2020-11-12,1,169.0,7,169.0
2211286.4172337240,2020-11-24,2020-11-24,2,169.0,25,84.5
79964492.7086086150,2020-11-10,2020-11-16,2,169.0,4,84.5
2420798.4492731250,2021-01-22,2021-01-22,1,169.0,13,169.0
35699842.0182681912,2020-12-15,2020-12-15,1,169.0,3,169.0
4537449.6402312251,2021-01-27,2021-01-27,1,168.0,35,168.0
44356964.3056281867,2020-12-08,2020-12-08,1,168.0,5,168.0
2701051.6884497528,2020-12-09,2020-12-09,1,168.0,11,168.0
22941144.0166280987,2020-12-19,2020-12-19,2,168.0,7,84.0
69784832.7107601315,2020-12-04,2020-12-05,7,168.0,7,24.0
71698975.4988844497,2021-01-22,2021-01-22,1,168.0,6,168.0
8204448.9073098218,2020-11-12,2020-11-12,1,168.0,8,168.0
24164594.4598368539,2020-11-20,2020-11-20,1,168.0,12,168.0
7644155580.3915602822,2020-11-02,2020-11-23,3,167.0,6,55.67
4325314.4909952472,2020-11-28,2020-11-28,1,167.0,15,167.0
50183692.6751135595,2020-12-16,2020-12-16,1,167.0,2,167.0
8839256339.1323107592,2020-12-08,2020-12-08,1,167.0,6,167.0
72273077.0200111080,2020-11-27,2020-12-11,2,166.0,3,83.0
2317598.9209464204,2020-12-02,2020-12-08,2,166.0,3,83.0
61145313.5871571070,2020-11-04,2020-12-01,2,166.0,10,83.0
4951824232.2987874402,2020-12-09,2020-12-09,1,166.0,5,166.0
5889305.1596594172,2020-11-24,2020-11-24,1,166.0,5,166.0
65163016.2468447960,2020-12-17,2020-12-17,1,166.0,8,166.0
8376952.2180638236,2021-01-20,2021-01-20,1,166.0,25,166.0
6359627.3798772018,2021-01-14,2021-01-14,1,166.0,18,166.0
1773468.6321288380,2020-12-28,2020-12-28,1,166.0,21,166.0
10945077.7212556025,2020-12-08,2020-12-08,1,166.0,16,166.0
7709361184.1393664585,2020-12-08,2020-12-08,1,166.0,7,166.0
12152291.1519358530,2020-11-28,2020-11-28,1,165.0,14,165.0
43259288.5905790888,2020-12-04,2020-12-09,3,165.0,6,55.0
2042749.4699501738,2020-11-11,2020-11-11,1,165.0,16,165.0
3644566278.6602625320,2020-11-11,2020-12-09,3,164.0,5,54.67
68062973.3734091414,2020-12-09,2020-12-09,1,164.0,3,164.0
8366314228.9854739652,2020-12-16,2020-12-16,1,164.0,34,164.0
41509908.7423660369,2021-01-15,2021-01-15,1,164.0,8,164.0
3036743.2199967879,2020-12-11,2020-12-11,1,163.0,12,163.0
78606650.1679620782,2020-12-05,2020-12-05,1,163.0,3,163.0
5232022.2769052718,2020-12-09,2020-12-09,1,163.0,13,163.0
92228801.7371633756,2020-12-23,2020-12-23,1,162.0,7,162.0
2569739.8101031899,2021-01-25,2021-01-25,1,162.0,5,162.0
57328124.6848846028,2020-11-13,2020-11-13,1,162.0,6,162.0
1594874.6106636037,2021-01-21,2021-01-21,1,162.0,6,162.0
80435974.9462183494,2021-01-02,2021-01-02,1,162.0,4,162.0
5320068.3830223799,2020-12-30,2020-12-30,1,162.0,17,162.0
84232431.7456081587,2020-12-22,2020-12-22,2,162.0,23,81.0
26336473.4191490468,2021-01-20,2021-01-20,1,162.0,34,162.0
4142001.1259803751,2020-11-12,2020-11-12,1,162.0,8,162.0
43435921.9728597976,2020-11-02,2020-11-02,1,162.0,8,162.0
63378233.4846691578,2020-12-10,2020-12-10,1,161.0,5,161.0
38940697.0285959050,2020-12-22,2020-12-22,1,160.0,10,160.0
46252928.2409079037,2020-12-04,2020-12-04,1,160.0,15,160.0
6112176882.5497379571,2020-11-23,2020-11-23,1,160.0,22,160.0
8421611.9716301302,2020-11-30,2020-11-30,1,160.0,10,160.0
26661028.3315613037,2020-12-05,2020-12-05,2,160.0,6,80.0
9957205.7975202648,2020-12-10,2020-12-10,1,159.0,4,159.0
27576412.5755687425,2020-11-29,2020-11-29,1,159.0,11,159.0
80120305.1144725890,2020-12-10,2020-12-10,1,159.0,4,159.0
5973523.5114607466,2020-11-25,2020-11-25,1,159.0,23,159.0
88483035.1457878746,2020-12-07,2020-12-07,1,159.0,6,159.0
56575397.8153659749,2020-11-24,2020-11-24,2,158.0,2,79.0
82552229.9514417843,2020-12-30,2020-12-30,1,158.0,90,158.0
2385181.0293493711,2021-01-18,2021-01-18,1,158.0,48,158.0
5786172.1537126919,2020-12-28,2020-12-28,1,158.0,6,158.0
18938448.3710776022,2020-11-06,2020-11-16,2,158.0,7,79.0
91518233.2791103693,2020-11-02,2020-11-02,2,157.0,10,78.5
8846705.8896018235,2020-12-11,2020-12-11,2,157.0,21,78.5
18383544.6572002162,2020-11-28,2020-11-28,1,157.0,2,157.0
35064550.9410834862,2020-12-16,2020-12-16,1,157.0,28,157.0
3064545.2019467351,2021-01-25,2021-01-25,1,157.0,14,157.0
74275572.8018336190,2020-12-05,2020-12-05,1,156.0,9,156.0
77549456.4000160007,2020-11-24,2020-11-24,1,156.0,4,156.0
10172849.5375293351,2020-12-09,2020-12-09,1,156.0,6,156.0
87464267.0084919923,2020-11-19,2020-11-19,1,156.0,4,156.0
38579036.9404376300,2020-12-07,2021-01-12,8,156.0,8,19.5
5409431.3869554427,2020-12-13,2020-12-13,1,156.0,2,156.0
6567766382.8954640880,2020-11-24,2020-11-24,1,156.0,9,156.0
3167058.8718002822,2020-12-06,2020-12-06,1,155.0,2,155.0
4267777.0729523939,2020-12-12,2020-12-12,1,155.0,13,155.0
40957384.9471332754,2020-12-03,2021-01-07,2,155.0,13,77.5
6070906.8817356972,2020-12-12,2021-01-14,2,155.0,8,77.5
66118688.0355028155,2020-12-04,2020-12-04,1,155.0,2,155.0
8321172.7493780280,2021-01-21,2021-01-26,2,154.0,3,77.0
66888229.7531203853,2020-12-07,2020-12-07,1,154.0,4,154.0
7652255.0101230871,2020-11-23,2020-11-23,1,154.0,12,154.0
43930190.6916774543,2020-11-17,2020-11-17,1,154.0,3,154.0
1306542.3194160764,2021-01-09,2021-01-09,1,153.0,6,153.0
3953783.0019328064,2021-01-06,2021-01-06,1,153.0,5,153.0
1236268.2863374901,2020-11-24,2020-11-24,1,153.0,8,153.0
61926936.5478907982,2020-12-24,2020-12-24,1,153.0,4,153.0
5805017.6522131594,2020-11-12,2020-11-14,2,152.0,7,76.0
6698358.4948359155,2020-11-26,2020-11-26,1,152.0,2,152.0
66209749.3358798510,2020-11-26,2020-11-26,1,152.0,9,152.0
52083507.8774663935,2020-11-21,2020-11-21,1,152.0,12,152.0
34613058.0872685890,2020-12-18,2020-12-18,1,152.0,7,152.0
18637647.0398129287,2020-12-31,2020-12-31,1,152.0,5,152.0
6564796.1290041020,2020-11-12,2020-11-12,1,152.0,9,152.0
77461948.4804221368,2020-11-20,2020-11-20,1,152.0,4,152.0
91274512.0451281678,2020-12-08,2020-12-08,1,152.0,13,152.0
79224794.0908623273,2020-12-13,2020-12-13,1,151.0,5,151.0
79168059.5419491216,2020-11-12,2020-11-12,1,151.0,2,151.0
13654113.8966730613,2020-11-17,2020-11-17,1,151.0,6,151.0
1678004.9029250603,2020-12-30,2020-12-30,2,150.0,6,75.0
76553297.6424575211,2020-11-29,2020-11-29,1,150.0,10,150.0
6962813.9978021110,2020-12-16,2020-12-16,1,150.0,21,150.0
2345616688.3567836901,2020-12-07,2020-12-11,3,150.0,6,50.0
2357215.0639934221,2020-11-28,2020-11-28,1,150.0,6,150.0
79579853.0520588965,2020-12-05,2020-12-12,2,149.0,12,74.5
8843133.1891118007,2020-12-15,2020-12-15,1,149.0,10,149.0
75571709.1157982540,2020-12-19,2021-01-04,2,149.0,12,74.5
68642235.5457535999,2021-01-12,2021-01-12,1,149.0,6,149.0
7912653.2370373847,2021-01-12,2021-01-12,3,149.0,3,49.67
35482474.3482133405,2020-12-03,2020-12-03,1,149.0,8,149.0
49774767.6772681723,2020-11-08,2020-11-08,1,149.0,8,149.0
14271346.9604620566,2020-11-27,2020-11-27,1,149.0,7,149.0
3392018.9796964611,2020-11-13,2020-11-13,4,148.0,6,37.0
5161034.1094954200,2020-12-09,2020-12-09,1,148.0,6,148.0
16040805.0993914136,2021-01-23,2021-01-23,1,148.0,6,148.0
7905430175.6891710704,2020-11-24,2020-11-24,1,148.0,10,148.0
26146640.6553848001,2020-11-25,2020-11-25,1,147.0,4,147.0
53418806.5482216471,2020-12-18,2020-12-18,3,147.0,6,49.0
4591821.3573843022,2020-12-13,2020-12-13,1,147.0,6,147.0
27529375.1021066476,2020-12-07,2020-12-07,1,147.0,6,147.0
1112480.2331977019,2020-11-28,2020-11-28,2,146.0,4,73.0
11446993.7876701936,2020-11-14,2020-11-14,1,146.0,3,146.0
52926719.9136345792,2020-12-26,2020-12-26,1,146.0,6,146.0
7132082.9139478677,2020-12-11,2020-12-11,2,146.0,4,73.0
6253211.3885054572,2021-01-16,2021-01-16,1,146.0,5,146.0
3118737.2160667978,2020-12-02,2020-12-02,1,146.0,4,146.0
74343631.1384953092,2020-11-05,2020-11-05,1,145.0,6,145.0
3375496.0648813714,2020-12-04,2020-12-04,1,145.0,6,145.0
91641252.7325140111,2020-11-30,2020-11-30,1,145.0,6,145.0
13846928.7700463041,2020-12-21,2020-12-21,1,145.0,7,145.0
53469191.6312753520,2020-11-13,2020-11-13,1,145.0,19,145.0
20672792.1203830043,2020-12-05,2020-12-05,1,145.0,4,145.0
5050584.3771338630,2020-11-29,2020-11-30,3,144.0,8,48.0
2873862.9309388718,2020-11-30,2020-11-30,3,144.0,8,48.0
56162479.7328415035,2020-11-18,2020-11-18,1,144.0,6,144.0
1416421.5108958042,2020-11-19,2020-12-01,2,144.0,3,72.0
40361521.9277379246,2020-12-28,2020-12-28,1,144.0,6,144.0
36269808.1408960379,2020-12-12,2020-12-12,1,144.0,8,144.0
17723870.8339931689,2021-01-26,2021-01-26,1,144.0,2,144.0
34971587.2279395517,2021-01-18,2021-01-18,1,144.0,6,144.0
1197596.6971314265,2020-11-11,2020-11-13,2,144.0,16,72.0
1226476.1714273543,2020-11-07,2020-11-07,1,144.0,3,144.0
73143977.4968623389,2020-12-10,2021-01-27,2,143.0,6,71.5
58442179.0715020466,2020-11-30,2020-12-23,2,143.0,4,71.5
49793755.7550891425,2020-11-08,2020-12-09,2,143.0,10,71.5
41721597.7658078053,2020-11-29,2020-11-29,1,143.0,6,143.0
2861916.5058017546,2020-11-13,2020-11-13,1,143.0,36,143.0
49204088.5414438728,2020-12-09,2020-12-09,1,142.0,13,142.0
72449605.4329856695,2020-11-22,2020-11-22,1,142.0,2,142.0
4042858.3888779946,2020-11-24,2020-11-24,1,142.0,2,142.0
29930506.5218532120,2020-12-23,2020-12-23,1,142.0,3,142.0
53550354.6354713181,2021-01-01,2021-01-01,1,142.0,14,142.0
38597663.4917826189,2020-11-24,2020-11-24,1,142.0,2,142.0
6672635860.5383572535,2020-11-20,2020-11-20,1,142.0,6,142.0
8575512403.1238544800,2020-11-18,2020-11-18,1,142.0,5,142.0
80394414.5185177426,2020-11-24,2020-11-24,2,142.0,15,71.0
51622008.5857082333,2020-11-03,2020-11-03,1,141.0,3,141.0
43925286.2421542089,2020-12-16,2020-12-16,1,141.0,3,141.0
45452162.3941392032,2020-12-16,2020-12-16,1,141.0,6,141.0
42669696.4294515505,2020-11-30,2020-11-30,1,141.0,7,141.0
5762284.1219633284,2020-12-05,2020-12-05,1,141.0,12,141.0
70483620.3788783066,2021-01-20,2021-01-20,1,141.0,5,141.0
69465148.8614142616,2020-11-04,2020-11-04,1,141.0,5,141.0
20875971.1554451473,2020-11-25,2020-11-25,1,141.0,7,141.0
24730584.3649999643,2021-01-25,2021-01-25,1,141.0,2,141.0
1043539.2747159846,2020-12-17,2020-12-17,6,140.0,12,23.33
90441331.9685487571,2020-11-23,2020-11-23,1,140.0,4,140.0
6486077.9466352381,2021-01-24,2021-01-24,1,140.0,7,140.0
5237164.5029724872,2020-12-11,2020-12-11,1,140.0,6,140.0
1318733.0567000195,2020-12-06,2020-12-06,1,140.0,15,140.0
18977884.9487126016,2020-11-21,2020-11-21,1,140.0,6,140.0
8043833.5057848398,2020-11-20,2020-12-04,2,140.0,3,70.0
2651197.1532552824,2021-01-14,2021-01-14,2,140.0,11,70.0
3526931.3784502135,2020-11-15,2020-11-21,2,140.0,3,70.0
86939274.9526508063,2021-01-11,2021-01-11,1,140.0,2,140.0
7195744.3597932803,2020-12-11,2020-12-11,1,140.0,2,140.0
757260624.2638708963,2021-01-22,2021-01-22,1,139.0,10,139.0
12910025.9027187436,2021-01-16,2021-01-16,1,139.0,14,139.0
27563953.0157833669,2020-11-27,2020-11-27,1,139.0,24,139.0
1674464967.3081069850,2020-11-07,2020-11-07,1,139.0,5,139.0
46234784.3243120445,2020-12-04,2020-12-04,1,139.0,4,139.0
90997370.5306849276,2020-12-11,2020-12-13,2,139.0,7,69.5
5054587697.5012997199,2020-11-07,2020-11-07,1,139.0,4,139.0
82318647.2923735234,2020-12-09,2020-12-09,1,139.0,6,139.0
7836037.1182313637,2020-11-30,2020-11-30,1,139.0,14,139.0
59148831.3216183453,2020-12-02,2020-12-02,1,138.0,4,138.0
47356565.2696944170,2020-11-11,2020-12-03,2,138.0,6,69.0
31733645.3711323316,2020-12-10,2020-12-10,1,138.0,19,138.0
6243779.7009501752,2020-11-06,2020-11-06,1,138.0,8,138.0
8316881.1639820242,2020-12-31,2020-12-31,1,138.0,12,138.0
9963542.3978980993,2020-11-12,2020-12-10,2,138.0,35,69.0
5086084.2046303089,2020-12-05,2020-12-05,1,138.0,7,138.0
90038379.9838021098,2020-12-10,2020-12-10,1,137.0,5,137.0
70707207.7999405769,2020-12-16,2020-12-16,1,137.0,8,137.0
53104811.8176614311,2021-01-01,2021-01-01,1,137.0,5,137.0
8694256.3821330797,2020-11-28,2020-11-28,1,136.0,20,136.0
6476625.4953512502,2020-11-30,2020-11-30,2,136.0,7,68.0
3823171539.6208242596,2020-12-05,2020-12-05,1,136.0,3,136.0
3430324.0837067291,2020-12-23,2020-12-23,1,136.0,8,136.0
7816881.7527763245,2020-12-11,2020-12-16,2,136.0,4,68.0
59495950.2019580073,2020-12-10,2020-12-10,1,136.0,2,136.0
1158637.0383647084,2021-01-04,2021-01-09,2,136.0,4,68.0
4551285.5053498474,2020-12-10,2020-12-10,1,136.0,17,136.0
52565912.2309852051,2020-11-20,2020-11-20,1,136.0,4,136.0
3807582.7673594726,2020-11-11,2020-11-11,1,136.0,3,136.0
84389355.3658704825,2021-01-05,2021-01-20,2,135.0,11,67.5
79556001.9340338986,2020-11-28,2020-11-28,1,135.0,47,135.0
5297765.6768178190,2020-12-09,2020-12-09,3,135.0,3,45.0
72350469.7974540341,2020-12-24,2020-12-24,1,135.0,17,135.0
65136379.8546335808,2020-11-13,2020-11-13,1,135.0,6,135.0
83387184.5649814185,2021-01-22,2021-01-22,1,135.0,6,135.0
20578333.9348490845,2020-11-07,2020-11-07,1,135.0,4,135.0
59649348.4836960943,2020-11-27,2020-11-27,1,135.0,3,135.0
3232207.0128565897,2020-11-06,2020-11-06,2,134.0,4,67.0
33563436.3777012158,2020-12-05,2020-12-05,1,134.0,5,134.0
27091777.7996598878,2020-11-22,2020-11-22,1,134.0,16,134.0
31220521.2000170274,2020-12-06,2020-12-06,1,134.0,2,134.0
28250200.9798495385,2020-11-30,2020-11-30,1,134.0,8,134.0
18614512.0976220226,2020-11-25,2020-11-25,1,133.0,4,133.0
4208419.3477986827,2020-11-12,2020-11-12,2,133.0,5,66.5
25712283.2548580985,2021-01-05,2021-01-05,1,133.0,4,133.0
64797298.8608140430,2020-11-14,2020-11-14,1,133.0,6,133.0
3452874.7364832626,2021-01-13,2021-01-13,1,133.0,8,133.0
65961107.4750713729,2020-12-04,2020-12-04,1,133.0,4,133.0
5485119.4778259275,2020-12-07,2020-12-07,1,133.0,10,133.0
6654192.1493839069,2020-12-14,2020-12-14,1,133.0,9,133.0
3691687.9126020150,2021-01-20,2021-01-20,2,132.0,3,66.0
8404511.3408596525,2020-11-12,2020-11-12,1,132.0,17,132.0
56981615.2873969327,2020-11-23,2020-11-23,1,132.0,4,132.0
80399793.1335226221,2021-01-14,2021-01-14,1,132.0,3,132.0
2605468.7128696165,2021-01-06,2021-01-06,3,132.0,3,44.0
41179206.8501474127,2020-12-19,2020-12-19,1,132.0,3,132.0
19635531.2112455317,2021-01-19,2021-01-19,1,132.0,13,132.0
4182254.4394955103,2021-01-16,2021-01-16,2,131.0,5,65.5
50805440.8488066824,2021-01-10,2021-01-10,1,131.0,3,131.0
8536857.0920789613,2020-12-19,2020-12-19,3,131.0,5,43.67
3318051.7234216422,2020-11-27,2020-11-27,1,131.0,5,131.0
1344816.6034452793,2020-11-29,2020-11-29,1,131.0,16,131.0
91838502.5897605942,2021-01-12,2021-01-20,2,130.0,10,65.0
77977792.0191527366,2020-11-02,2020-11-02,2,130.0,8,65.0
17360922.4174805251,2020-11-30,2020-11-30,1,130.0,8,130.0
5461037.2897084087,2020-11-24,2020-11-24,1,130.0,13,130.0
60670652.1232989037,2020-11-24,2020-11-24,1,130.0,6,130.0
61090488.9613703457,2021-01-20,2021-01-20,1,130.0,3,130.0
484269874.9639805856,2020-11-03,2020-11-03,1,130.0,10,130.0
57985307.5936727130,2020-12-28,2021-01-08,2,130.0,2,65.0
89580065.9315532719,2021-01-22,2021-01-22,1,130.0,5,130.0
60536675.2873170774,2020-11-30,2020-12-14,6,129.0,6,21.5
34001109.5893008660,2020-11-15,2020-11-15,1,129.0,9,129.0
11394862.3475151142,2020-12-10,2020-12-10,1,129.0,3,129.0
5050331.6599537444,2020-11-17,2020-11-17,1,129.0,5,129.0
33154801.3376023064,2020-12-04,2020-12-04,1,129.0,3,129.0
11244054.2177805414,2020-12-16,2020-12-16,1,129.0,9,129.0
5785039890.6302489421,2020-12-13,2020-12-13,1,129.0,12,129.0
77029853.6267227104,2020-12-27,2020-12-27,1,129.0,3,129.0
11064650.6068648711,2020-11-20,2020-11-20,1,128.0,16,128.0
46727904.9693724828,2020-11-27,2020-11-27,2,128.0,13,64.0
25845532.1613251814,2020-12-18,2020-12-18,1,128.0,7,128.0
3562946.9800700991,2020-12-06,2020-12-06,1,128.0,23,128.0
2013582.5721733859,2020-12-11,2020-12-11,1,128.0,2,128.0
84275494.2228487521,2020-11-06,2020-11-06,1,128.0,11,128.0
7687394.8608023492,2021-01-07,2021-01-11,2,128.0,4,64.0
61389953.5535318141,2021-01-05,2021-01-05,1,128.0,8,128.0
5216629.5530468973,2020-11-23,2020-11-23,1,128.0,4,128.0
57488087.0786303417,2020-12-27,2020-12-27,1,128.0,19,128.0
7337320.6099359731,2020-11-07,2020-11-07,1,128.0,4,128.0
1052482.1904194731,2020-11-21,2020-11-21,1,128.0,6,128.0
34302730.6446909649,2020-12-09,2020-12-09,1,128.0,8,128.0
52477754.7563467825,2020-11-08,2020-11-08,1,128.0,3,128.0
46883960.6190957761,2020-11-14,2020-11-14,1,127.0,6,127.0
8435794.6872177111,2020-12-04,2020-12-09,2,127.0,4,63.5
59487571.9263599382,2021-01-04,2021-01-15,2,127.0,7,63.5
75946438.5225154555,2020-11-09,2020-11-09,2,127.0,9,63.5
3048029.9624473822,2020-12-12,2020-12-12,1,127.0,4,127.0
8206027.9597648346,2020-11-16,2020-11-16,1,127.0,7,127.0
3292684.9252653864,2020-12-11,2020-12-11,1,126.0,9,126.0
59373032.3991187304,2020-12-15,2020-12-15,1,126.0,2,126.0
10828522.4098051399,2020-11-24,2020-11-24,1,126.0,6,126.0
84804701.0609767420,2020-11-16,2020-11-16,1,126.0,9,126.0
97619147.3055572166,2020-11-10,2020-11-17,2,126.0,4,63.0
7970363.0321929359,2020-11-27,2020-11-27,1,126.0,7,126.0
3158904.4798196476,2020-11-17,2020-11-17,1,126.0,4,126.0
44468077.6188155771,2020-11-27,2020-11-27,1,125.0,7,125.0
20126758.6853719024,2020-12-28,2020-12-28,1,125.0,5,125.0
34251015.3672526882,2020-12-15,2020-12-15,1,125.0,5,125.0
3285600.5439399395,2020-12-10,2020-12-10,1,125.0,15,125.0
83961186.4892260627,2020-11-13,2020-12-09,3,124.0,7,41.33
6670122091.4622753239,2020-12-30,2020-12-31,3,124.0,9,41.33
29135809.8049828412,2020-12-09,2020-12-09,1,124.0,2,124.0
85265536.4138277437,2020-12-21,2020-12-21,1,124.0,7,124.0
7387564.3877787270,2020-11-10,2020-12-03,4,124.0,7,31.0
55800996.4365989462,2020-11-19,2020-11-19,1,124.0,14,124.0
5706715.6852183826,2020-12-03,2020-12-25,2,124.0,8,62.0
74980629.0277968957,2020-11-16,2020-11-16,1,124.0,5,124.0
7231269.9049300807,2020-11-30,2020-12-01,2,124.0,4,62.0
48713927.3135258219,2020-12-09,2020-12-09,1,124.0,4,124.0
6959572.6784709792,2021-01-23,2021-01-23,1,123.0,6,123.0
24561891.8214764170,2020-11-04,2020-11-04,4,123.0,12,30.75
39840608.0620243295,2020-12-01,2020-12-01,1,123.0,3,123.0
6283343.2195449706,2021-01-04,2021-01-04,1,123.0,2,123.0
15197708.0307731265,2020-12-05,2020-12-05,1,122.0,2,122.0
88461236.7556243582,2021-01-20,2021-01-20,1,122.0,3,122.0
16639018.6975919705,2020-11-06,2020-11-06,1,122.0,5,122.0
4314741588.8945045155,2021-01-20,2021-01-20,1,122.0,4,122.0
50264907.6315911120,2020-11-30,2020-12-15,6,122.0,6,20.33
7560154.8773295578,2020-11-25,2020-11-25,1,122.0,12,122.0
25657754.5389902004,2020-11-16,2020-11-16,1,122.0,24,122.0
70663679.7784057941,2021-01-18,2021-01-18,1,122.0,5,122.0
85169862.5219568589,2020-11-16,2020-11-16,1,122.0,3,122.0
3277099.1544751335,2020-12-01,2020-12-01,1,122.0,3,122.0
4113793.0930728956,2020-12-15,2020-12-15,2,122.0,2,61.0
67555647.7819115338,2020-11-11,2020-11-11,1,121.0,6,121.0
40346918.5536032263,2020-11-15,2020-11-17,2,121.0,4,60.5
7991866.1378276681,2020-11-28,2020-11-28,1,120.0,10,120.0
80975437.6451700615,2020-11-18,2020-11-18,2,120.0,2,60.0
7905299837.6949942550,2020-11-01,2020-11-01,1,120.0,1,120.0
76769290.7382777741,2020-12-09,2020-12-09,1,120.0,11,120.0
53675399.0091092182,2020-12-07,2020-12-07,5,120.0,5,24.0
77358157.4999153196,2021-01-22,2021-01-22,1,120.0,1,120.0
52443149.1275754542,2020-12-01,2020-12-01,1,120.0,12,120.0
22973713.0783608415,2020-11-12,2020-11-12,1,120.0,3,120.0
4895144.7355741616,2020-11-05,2020-11-05,1,120.0,2,120.0
8214299.2030521634,2020-12-24,2020-12-24,1,120.0,1,120.0
27849359.1629027567,2020-12-04,2020-12-04,1,120.0,2,120.0
46146978.5100846398,2020-12-26,2020-12-26,1,120.0,1,120.0
8670634.2015391312,2020-12-08,2020-12-08,1,120.0,4,120.0
81324083.4482184297,2020-11-03,2020-11-03,1,120.0,3,120.0
6159964.0799849753,2020-12-05,2020-12-05,1,119.0,4,119.0
4064709.6809185036,2020-11-27,2020-11-27,1,119.0,3,119.0
7798879.3207627147,2020-11-14,2020-11-14,2,119.0,3,59.5
65605548.5393118078,2020-11-11,2020-11-11,1,119.0,3,119.0
2583761.2257677610,2020-12-07,2020-12-07,1,119.0,6,119.0
22758259.7142181160,2021-01-26,2021-01-26,1,119.0,5,119.0
4202240.1647915108,2020-12-01,2020-12-01,1,119.0,9,119.0
45237746.5667441680,2020-11-28,2021-01-26,2,118.0,3,59.0
1881053.8413916911,2020-12-12,2020-12-12,2,118.0,3,59.0
6315084.4680304987,2020-12-03,2021-01-10,2,118.0,2,59.0
37320008.3341117417,2020-12-12,2020-12-12,1,118.0,11,118.0
8254867.3099797240,2020-12-14,2020-12-14,1,118.0,2,118.0
3970244.0843404011,2020-11-18,2020-11-18,1,118.0,11,118.0
43627350.3807676886,2020-11-23,2020-12-26,2,118.0,28,59.0
8322894.0493055351,2020-12-11,2020-12-11,1,118.0,9,118.0
1542029.2179112950,2021-01-20,2021-01-20,1,118.0,2,118.0
8156121.2108613531,2020-11-20,2020-11-20,1,118.0,6,118.0
38310647.6108465759,2020-12-14,2020-12-14,2,118.0,5,59.0
6098526.5113266309,2020-12-06,2020-12-06,1,118.0,6,118.0
58977276.9949987633,2020-12-28,2020-12-28,1,117.0,2,117.0
63582954.2006378969,2020-11-16,2020-11-16,1,117.0,6,117.0
8273908566.5473390997,2020-12-12,2020-12-12,1,117.0,16,117.0
5762277.1115500664,2021-01-15,2021-01-15,1,117.0,6,117.0
14670836.5443476050,2020-12-17,2021-01-20,2,117.0,4,58.5
1832855.2035957845,2020-11-30,2020-11-30,2,117.0,7,58.5
61103004.4108922855,2020-12-10,2020-12-10,1,117.0,14,117.0
46104581.7287269838,2020-12-17,2021-01-13,2,117.0,6,58.5
5060718.9596565990,2020-11-30,2020-11-30,1,116.0,11,116.0
4571300.1430687449,2020-12-08,2021-01-14,3,116.0,7,38.67
37295810.5629224960,2020-11-20,2020-11-20,1,116.0,2,116.0
6472499.9883959963,2020-11-20,2020-11-20,1,116.0,4,116.0
2241964.8178177438,2020-11-30,2020-11-30,1,116.0,31,116.0
2989708.3724659137,2021-01-13,2021-01-13,1,116.0,4,116.0
3511087.0079764455,2020-12-11,2020-12-11,1,116.0,2,116.0
55484597.5078975459,2020-11-03,2020-11-03,1,116.0,4,116.0
26869413.1979446467,2020-11-19,2020-11-19,1,116.0,8,116.0
88765980.1821355206,2020-12-10,2020-12-10,1,116.0,4,116.0
70978143.1630428206,2020-11-13,2020-11-13,1,116.0,9,116.0
7639123.9923154617,2020-11-30,2020-11-30,1,115.0,2,115.0
3086397.9583021338,2020-12-07,2020-12-15,2,115.0,8,57.5
12344534.0893063989,2020-11-18,2020-11-18,1,115.0,6,115.0
4103364.9302246103,2020-11-13,2020-11-13,1,115.0,2,115.0
90544735.0149811314,2020-12-07,2021-01-08,2,115.0,5,57.5
12509391.0991562676,2021-01-06,2021-01-06,1,115.0,1,115.0
60299874.7541071764,2020-12-02,2020-12-02,1,114.0,6,114.0
29066864.4014292306,2020-12-05,2020-12-16,2,114.0,3,57.0
29707188.6359473780,2020-11-27,2020-12-05,2,114.0,6,57.0
8822912.1286128560,2020-11-30,2020-11-30,1,114.0,3,114.0
4802635.2461442794,2020-12-12,2020-12-12,3,114.0,6,38.0
42675324.3658621899,2020-12-11,2020-12-11,1,114.0,3,114.0
3962172.0133482614,2021-01-20,2021-01-20,1,114.0,4,114.0
40858438.6822938539,2020-11-23,2020-11-23,1,114.0,4,114.0
3385850.7952852405,2020-12-09,2020-12-09,1,114.0,4,114.0
29640692.9507522627,2020-11-01,2020-11-01,2,114.0,3,57.0
9116326.9159124025,2020-12-01,2020-12-07,2,114.0,11,57.0
88556371.7879566968,2021-01-20,2021-01-29,2,113.0,6,56.5
3232772.8900017776,2020-12-22,2020-12-22,1,113.0,5,113.0
2669656.5276416328,2020-11-25,2020-12-13,2,113.0,7,56.5
71260187.7819880287,2021-01-08,2021-01-08,1,113.0,4,113.0
1647443.2667828920,2021-01-20,2021-01-20,1,113.0,4,113.0
74848554.8030271897,2020-12-11,2020-12-11,1,113.0,16,113.0
8245686.1133438238,2020-11-09,2020-11-15,2,113.0,15,56.5
31298789.9980288359,2020-11-28,2020-11-28,1,113.0,2,113.0
5502422.3790987476,2021-01-07,2021-01-07,1,112.0,4,112.0
7580278.4231956908,2020-11-23,2020-11-23,1,112.0,12,112.0
2884152188.9848456767,2020-12-15,2021-01-24,2,112.0,3,56.0
4651234.6787037490,2020-12-11,2020-12-17,3,112.0,3,37.33
3958686.6087309428,2020-11-07,2020-11-07,1,112.0,3,112.0
6354182.0340556014,2020-12-09,2021-01-21,2,112.0,5,56.0
10731965.6220509788,2020-12-17,2020-12-17,4,112.0,8,28.0
7307316.0360352296,2020-12-18,2020-12-18,2,112.0,6,56.0
9142790.6469687387,2020-11-11,2020-12-01,2,112.0,6,56.0
61380061.8801193763,2020-12-15,2020-12-15,1,112.0,4,112.0
68350783.9251558329,2020-12-12,2020-12-12,1,112.0,5,112.0
81093232.4306802216,2020-12-16,2020-12-16,1,112.0,27,112.0
23571881.8331615126,2020-11-06,2020-11-06,1,112.0,3,112.0
35315894.9355065326,2020-11-28,2020-11-28,2,112.0,6,56.0
56116181.3729633377,2021-01-21,2021-01-21,1,112.0,4,112.0
82400392.9908324838,2020-11-25,2020-11-25,1,112.0,8,112.0
74723909.7241078259,2021-01-22,2021-01-22,1,112.0,5,112.0
5501418.9433200969,2021-01-22,2021-01-22,1,111.0,6,111.0
8363038.7011749668,2020-11-17,2020-11-17,1,111.0,4,111.0
77052125.0799530822,2021-01-02,2021-01-19,2,111.0,3,55.5
40303235.2410831956,2021-01-19,2021-01-19,1,111.0,3,111.0
1667033.4137815739,2021-01-20,2021-01-20,1,111.0,5,111.0
67425241.5630895543,2020-11-27,2020-11-27,1,111.0,4,111.0
52073744.5585474753,2020-12-19,2020-12-19,1,111.0,8,111.0
79083189.5507574462,2020-11-24,2020-12-27,2,111.0,5,55.5
5857016.5621861575,2021-01-25,2021-01-25,1,111.0,3,111.0
26772644.3702713592,2020-11-03,2020-11-03,1,111.0,2,111.0
2003912.9760669661,2020-11-29,2020-11-29,1,111.0,4,111.0
2456393477.5274765122,2020-11-19,2020-11-19,1,111.0,3,111.0
6095713.4538626752,2020-12-22,2020-12-22,1,111.0,9,111.0
1775013.3896127263,2020-11-11,2020-11-11,1,110.0,5,110.0
19051578.9987004732,2020-12-10,2020-12-10,1,110.0,4,110.0
73347340.2924582017,2020-12-11,2020-12-11,2,110.0,4,55.0
8974847.1466317161,2020-11-27,2020-12-07,2,110.0,3,55.0
59566070.4632667722,2021-01-22,2021-01-22,1,110.0,2,110.0
11100960.2667996478,2020-12-01,2020-12-09,4,110.0,8,27.5
18724686.8012593017,2020-11-09,2020-11-09,1,110.0,2,110.0
1405049.6223660087,2020-11-23,2020-11-23,1,110.0,6,110.0
39520514.9339206269,2020-11-20,2020-11-20,1,110.0,12,110.0
73424628.5901378284,2020-11-23,2020-11-23,1,110.0,8,110.0
9191614969.9586626915,2020-12-24,2020-12-24,2,110.0,2,55.0
3195540.9332420628,2020-11-11,2020-11-11,1,110.0,5,110.0
7200456.5207277827,2020-11-06,2020-11-06,1,110.0,2,110.0
46637206.8022807630,2021-01-20,2021-01-20,1,110.0,2,110.0
12024949.0365738562,2021-01-16,2021-01-16,1,110.0,2,110.0
80398780.9551070781,2020-12-09,2020-12-09,1,110.0,3,110.0
3517925.3227970426,2021-01-07,2021-01-07,1,110.0,2,110.0
79214612.7407451783,2020-12-08,2020-12-08,1,110.0,2,110.0
2449114.2763043847,2021-01-14,2021-01-14,1,110.0,2,110.0
88818213.3581061218,2020-11-26,2020-11-26,1,110.0,2,110.0
4108803108.5870431970,2020-12-07,2020-12-08,2,109.0,12,54.5
5027137.8356570660,2020-11-28,2020-11-28,1,109.0,8,109.0
4318527027.1396086358,2021-01-25,2021-01-25,1,109.0,3,109.0
18161607.9002799024,2020-12-13,2021-01-03,2,109.0,9,54.5
76814224.5351128373,2021-01-22,2021-01-22,1,109.0,4,109.0
7890615.0225530592,2020-11-17,2020-11-17,1,109.0,9,109.0
3233712.0355007382,2020-12-09,2020-12-09,1,109.0,3,109.0
5910494.8390942821,2020-12-05,2020-12-05,1,109.0,13,109.0
7350209690.8160509403,2020-12-14,2020-12-14,1,109.0,4,109.0
24524364.1326643374,2020-11-16,2020-12-08,2,109.0,3,54.5
70273900.3717271442,2020-12-19,2020-12-19,1,109.0,2,109.0
57237375.7708340805,2021-01-20,2021-01-20,1,109.0,5,109.0
3388152.7416415006,2020-12-14,2020-12-15,2,108.0,10,54.0
12485307.5806877734,2020-11-11,2020-11-12,2,108.0,6,54.0
37587826.1974136781,2020-11-12,2020-11-12,1,108.0,3,108.0
83509896.1101407720,2020-11-15,2020-11-15,1,108.0,4,108.0
63336637.2279943127,2020-12-19,2020-12-19,1,108.0,2,108.0
60425733.9344537014,2020-11-24,2020-12-17,2,108.0,2,54.0
55610405.6968910754,2021-01-20,2021-01-20,1,108.0,8,108.0
3921417.7949867132,2020-11-26,2020-11-26,1,108.0,3,108.0
1162127.7258009994,2020-12-15,2020-12-15,1,108.0,3,108.0
21188888.1287984736,2020-12-17,2020-12-17,1,108.0,2,108.0
47705051.4543207032,2020-12-05,2020-12-09,2,108.0,9,54.0
43139770.9421518497,2020-11-18,2020-11-18,1,108.0,6,108.0
5604587.3755072537,2020-12-18,2020-12-18,1,108.0,11,108.0
5173366.0437512460,2020-11-19,2020-11-19,1,108.0,12,108.0
9030851.6893086314,2020-12-15,2020-12-16,2,108.0,3,54.0
31060017.1204528024,2020-12-07,2020-12-07,1,107.0,5,107.0
50169177.1164239240,2020-12-14,2020-12-14,1,107.0,2,107.0
7340885.1733336620,2020-11-30,2020-11-30,1,107.0,6,107.0
3194418462.2485419407,2020-12-13,2020-12-13,1,107.0,7,107.0
39124975.6115059812,2021-01-20,2021-01-20,1,107.0,3,107.0
2582271.7133359448,2020-11-10,2020-11-10,1,106.0,5,106.0
19419805.4591946938,2020-11-30,2020-11-30,1,106.0,2,106.0
7528571.7813360805,2021-01-24,2021-01-24,1,106.0,9,106.0
9584008.2004173620,2020-12-11,2020-12-11,1,106.0,5,106.0
57499982.4479614398,2020-12-14,2020-12-14,1,106.0,4,106.0
55570200.4023713914,2020-12-10,2020-12-10,1,106.0,5,106.0
44364780.4705811992,2021-01-20,2021-01-20,1,106.0,7,106.0
6474740.9832985685,2020-11-22,2020-11-22,1,106.0,8,106.0
6060121.4543960744,2020-11-10,2020-11-10,1,106.0,4,106.0
10489971.5323131165,2020-12-27,2020-12-27,1,106.0,7,106.0
2546049.6626963713,2020-12-08,2020-12-08,1,105.0,2,105.0
27815556.2090097227,2021-01-21,2021-01-21,1,105.0,6,105.0
6924972.3117240095,2020-11-25,2020-11-25,3,105.0,6,35.0
1056498.5939985013,2020-12-22,2021-01-14,3,105.0,4,35.0
77713003.6357610057,2020-12-14,2020-12-14,1,105.0,8,105.0
9222870.9095775010,2021-01-14,2021-01-14,1,105.0,18,105.0
88637248.0603138171,2020-12-15,2020-12-15,1,105.0,3,105.0
1282829.2912367074,2021-01-25,2021-01-25,1,104.0,3,104.0
84089063.5523557782,2020-12-12,2020-12-12,2,104.0,4,52.0
87658194.9871546984,2020-12-14,2020-12-14,1,104.0,4,104.0
8586642.3694137955,2021-01-21,2021-01-21,1,104.0,2,104.0
46622969.7099107810,2020-11-16,2020-12-04,3,104.0,11,34.67
57062019.1930840950,2020-11-18,2020-11-18,1,104.0,2,104.0
3952536.1153406582,2020-11-26,2020-11-26,1,104.0,2,104.0
3589790.3119302179,2020-12-09,2020-12-09,1,104.0,7,104.0
8700955.1584521806,2020-11-10,2020-11-10,1,104.0,12,104.0
1606543.9019935467,2020-12-14,2020-12-14,1,104.0,11,104.0
18564648.4162352916,2020-12-11,2020-12-11,1,104.0,12,104.0
55859279.1828704348,2020-11-30,2020-11-30,1,104.0,3,104.0
33022310.8291424414,2021-01-22,2021-01-22,1,104.0,6,104.0
85787365.3279428435,2021-01-19,2021-01-19,1,104.0,4,104.0
34044207.6843308841,2020-11-08,2020-11-08,1,104.0,5,104.0
7581292.6376201300,2021-01-24,2021-01-24,1,104.0,10,104.0
57966618.4492876538,2020-11-18,2020-12-14,5,103.0,6,20.6
2558174.5910644189,2020-11-25,2020-11-25,1,103.0,5,103.0
4546674.9168389614,2020-11-17,2020-11-17,1,103.0,21,103.0
71187662.8657925212,2021-01-21,2021-01-21,1,103.0,2,103.0
8014383.6761870521,2021-01-20,2021-01-20,1,103.0,4,103.0
2298657.2118304279,2020-11-27,2020-11-27,2,103.0,4,51.5
46220931.9485309955,2021-01-15,2021-01-15,2,103.0,13,51.5
66436096.0118950287,2020-12-11,2020-12-11,1,103.0,5,103.0
9052157.9901549579,2020-12-01,2020-12-01,1,103.0,4,103.0
8391087.6580778035,2021-01-21,2021-01-21,1,103.0,6,103.0
5054327.7063932812,2020-11-05,2020-11-05,1,103.0,19,103.0
9234069.4874293038,2021-01-12,2021-01-12,1,103.0,2,103.0
1219636.7573278529,2020-12-05,2020-12-08,3,102.0,13,34.0
40812828.6666611837,2021-01-22,2021-01-22,1,102.0,3,102.0
2380209.7776903294,2021-01-23,2021-01-23,1,102.0,7,102.0
3370196.0460875623,2020-11-16,2020-11-16,1,102.0,3,102.0
4181862.5710073931,2020-12-03,2021-01-05,3,102.0,14,34.0
6382777.8321129293,2020-12-12,2020-12-12,1,102.0,2,102.0
4366554.6078100134,2020-12-17,2020-12-17,3,102.0,9,34.0
2752308970.0692194532,2020-12-11,2020-12-11,1,102.0,6,102.0
28284205.9810024272,2020-12-22,2020-12-22,1,102.0,2,102.0
4594297.6618190263,2020-11-13,2020-11-13,1,102.0,10,102.0
7172054.6394028971,2020-12-18,2020-12-18,1,102.0,6,102.0
4511811.3990598489,2020-11-09,2020-11-09,5,101.0,16,20.2
3632663.7723787409,2020-12-06,2020-12-06,2,101.0,4,50.5
77005687.4514013148,2020-12-21,2020-12-21,3,101.0,4,33.67
29035347.8015724334,2020-11-14,2020-11-14,1,101.0,2,101.0
5921104.7767059415,2021-01-12,2021-01-12,1,101.0,6,101.0
3006717593.4039698577,2020-12-10,2020-12-10,1,101.0,7,101.0
1706011.8461395358,2020-11-19,2020-11-30,2,101.0,11,50.5
5049679269.2877748576,2021-01-09,2021-01-09,1,101.0,17,101.0
7011382.8362674713,2020-12-10,2020-12-10,1,101.0,2,101.0
4729706.4715372333,2020-11-11,2020-11-11,1,101.0,7,101.0
8824479.1230645788,2020-11-25,2020-11-25,3,100.0,5,33.33
32112446.4717494797,2020-11-06,2020-11-06,1,100.0,4,100.0
8397059.8634946591,2020-11-08,2020-11-08,1,100.0,2,100.0
4225728.0151759118,2020-12-04,2020-12-04,2,100.0,6,50.0
65301301.6829526920,2020-11-23,2020-11-23,1,100.0,10,100.0
8292508.2728920265,2020-11-21,2020-11-21,1,100.0,4,100.0
5051981.5649537648,2020-12-16,2020-12-16,1,100.0,3,100.0
45440207.6630333190,2020-11-30,2020-11-30,1,100.0,22,100.0
37409739.2479799624,2020-12-17,2020-12-17,1,100.0,3,100.0
83157887.0994542092,2020-12-03,2020-12-03,1,100.0,5,100.0
4789616.5651606218,2020-11-19,2020-11-19,1,100.0,6,100.0
7774428.3017818390,2020-12-22,2020-12-22,1,100.0,2,100.0
1908131629.6568085434,2020-11-13,2020-11-13,1,100.0,14,100.0
35711520.4643729521,2021-01-13,2021-01-13,1,100.0,5,100.0
55689084.7063063065,2021-01-23,2021-01-23,1,100.0,8,100.0
5736532689.1280896266,2020-12-20,2020-12-20,1,100.0,2,100.0
1463210.0055216168,2020-12-07,2020-12-07,1,100.0,6,100.0
4020386.8419933704,2020-11-19,2020-11-19,1,100.0,50,100.0
4006408.4191828877,2020-11-28,2020-11-28,1,100.0,5,100.0
78088542.4349978114,2020-12-07,2020-12-07,1,100.0,8,100.0
50640660.9007425824,2020-12-18,2020-12-18,1,99.0,5,99.0
6574805.3436225086,2020-12-18,2020-12-18,1,99.0,1,99.0
6853761656.0131222850,2021-01-15,2021-01-15,1,99.0,8,99.0
63078466.0698615067,2021-01-20,2021-01-20,1,99.0,2,99.0
76261339.4275213567,2020-12-01,2020-12-01,1,99.0,4,99.0
80295776.0612534423,2021-01-19,2021-01-19,1,99.0,7,99.0
4947085.9387818903,2020-12-16,2020-12-16,1,99.0,7,99.0
6952489.3805781228,2020-12-10,2020-12-10,1,99.0,6,99.0
2414029.4775008968,2020-11-28,2020-11-28,1,99.0,2,99.0
6149654.3757607604,2021-01-22,2021-01-27,3,99.0,3,33.0
2072888.9498118021,2021-01-19,2021-01-19,1,99.0,4,99.0
69692269.6324291600,2020-11-30,2020-11-30,1,99.0,14,99.0
9316296.6895701928,2020-12-18,2020-12-18,1,99.0,26,99.0
34709963.4596640590,2020-12-13,2020-12-13,1,99.0,1,99.0
10941030.2175902271,2020-11-30,2020-11-30,1,99.0,22,99.0
23329127.3308417947,2020-12-24,2020-12-24,1,99.0,1,99.0
1852882.2812416843,2021-01-23,2021-01-23,1,99.0,2,99.0
1326058.1494076845,2020-12-12,2020-12-12,1,99.0,1,99.0
30352177.4590717994,2020-12-28,2020-12-28,1,99.0,2,99.0
43204139.2810719032,2021-01-11,2021-01-11,1,99.0,2,99.0
20642408.1006700881,2021-01-19,2021-01-19,1,99.0,3,99.0
54227281.3443007793,2021-01-22,2021-01-22,1,99.0,4,99.0
9397545.7933031135,2020-11-21,2020-11-21,1,98.0,4,98.0
64707869.9107693145,2020-12-16,2020-12-16,1,98.0,3,98.0
28171746.6331452217,2020-12-16,2020-12-16,1,98.0,3,98.0
15492110.1286918774,2020-11-05,2020-11-13,2,98.0,7,49.0
24051998.6799144387,2020-12-16,2020-12-16,1,98.0,2,98.0
67504810.2599834553,2021-01-12,2021-01-25,2,98.0,3,49.0
6494158.4167700899,2021-01-22,2021-01-22,1,98.0,3,98.0
34976491.2114125776,2020-11-16,2020-11-16,1,98.0,2,98.0
29836460.5039155988,2020-11-26,2020-11-26,1,98.0,8,98.0
63119766.2282574718,2020-12-05,2020-12-05,1,98.0,5,98.0
7028601.6018983018,2020-11-17,2020-11-17,1,98.0,9,98.0
1396456.6482506733,2020-11-24,2020-11-24,1,98.0,2,98.0
9202289.9931006292,2020-12-29,2020-12-29,1,98.0,6,98.0
2065226.2712631797,2021-01-16,2021-01-16,1,98.0,3,98.0
82769036.0910249611,2021-01-25,2021-01-25,1,98.0,15,98.0
18766586.3704506512,2020-11-20,2020-11-20,1,98.0,6,98.0
3612440628.1896153694,2021-01-26,2021-01-26,1,98.0,7,98.0
7531952.8659763808,2020-11-17,2020-11-17,1,98.0,4,98.0
4911454.7177220024,2020-12-05,2020-12-05,1,98.0,2,98.0
7468279.0238776028,2020-12-01,2020-12-10,2,98.0,4,49.0
4312288.1910940997,2021-01-20,2021-01-20,1,98.0,5,98.0
6365977.5020097024,2021-01-11,2021-01-11,1,98.0,15,98.0
52862856.2554999204,2021-01-21,2021-01-21,1,98.0,3,98.0
77589527.0276705370,2021-01-21,2021-01-21,1,98.0,4,98.0
1587754.2157731656,2020-11-09,2020-11-09,1,98.0,3,98.0
7461331.4499994836,2020-11-12,2020-11-13,2,97.0,2,48.5
68948805.5649073366,2021-01-24,2021-01-24,1,97.0,5,97.0
28884221.1994535006,2021-01-10,2021-01-10,1,97.0,4,97.0
69531375.3245954092,2020-11-14,2020-11-14,1,97.0,6,97.0
61281438.1815337540,2020-11-12,2020-11-12,1,97.0,3,97.0
35563232.0919900786,2020-12-01,2020-12-09,2,97.0,2,48.5
3092987668.5257302601,2020-11-18,2020-12-11,2,97.0,3,48.5
78395480.3447267915,2020-12-14,2020-12-14,1,97.0,4,97.0
7327276.4790066181,2020-12-01,2020-12-01,1,97.0,3,97.0
6961838.2919122157,2020-11-14,2020-11-14,1,97.0,2,97.0
28108956.4390354387,2020-12-10,2020-12-16,3,97.0,5,32.33
41521598.5143422341,2020-12-13,2020-12-13,1,97.0,5,97.0
18826010.1177085691,2021-01-21,2021-01-21,1,97.0,7,97.0
23966515.1259247965,2020-11-04,2020-11-04,1,97.0,10,97.0
80052422.3313734927,2020-11-26,2020-11-26,1,97.0,6,97.0
3442489.8686924691,2020-11-21,2020-11-21,1,96.0,2,96.0
91266894.2688451102,2020-12-23,2020-12-23,4,96.0,8,24.0
6775372.4463471076,2020-11-20,2020-12-02,2,96.0,3,48.0
1720059.7980376290,2020-11-17,2020-11-17,1,96.0,1,96.0
53311820.2795082545,2020-11-04,2020-11-04,1,96.0,2,96.0
80381756.0295134079,2020-12-02,2020-12-02,1,96.0,20,96.0
5002787.9583537280,2020-11-17,2020-11-24,2,96.0,4,48.0
8857856483.8004073762,2021-01-09,2021-01-09,1,96.0,4,96.0
79677269.4180879894,2020-11-15,2020-11-15,1,96.0,1,96.0
6035403.0151268164,2020-11-19,2020-11-19,1,96.0,12,96.0
8105555.2376937141,2020-11-20,2020-11-20,1,96.0,2,96.0
63900282.3363580230,2020-11-24,2020-11-24,1,96.0,4,96.0
91388989.2835941751,2020-11-20,2020-11-20,1,96.0,4,96.0
80536550.4410904175,2021-01-22,2021-01-22,1,96.0,3,96.0
23412424.1031242780,2020-11-12,2020-11-12,1,96.0,3,96.0
38990438.1040760285,2021-01-20,2021-01-20,1,96.0,1,96.0
1477673.1682973285,2021-01-20,2021-01-20,1,96.0,1,96.0
6147800.2522240679,2020-11-07,2020-11-07,1,96.0,6,96.0
2683899.4810834084,2020-11-10,2020-11-10,1,96.0,5,96.0
9202387.7945688007,2020-12-14,2020-12-14,1,96.0,1,96.0
2922359.8678257138,2020-12-11,2020-12-11,1,96.0,10,96.0
78106766.0535705085,2020-12-22,2020-12-22,1,96.0,1,96.0
76881246.6635124338,2020-12-09,2020-12-09,1,96.0,7,96.0
66744288.9282795542,2021-01-21,2021-01-21,1,96.0,3,96.0
1902955797.7515388048,2020-11-18,2020-11-18,1,96.0,2,96.0
1964254355.8801701025,2020-12-01,2020-12-01,1,96.0,3,96.0
5788753.6504747065,2020-11-23,2020-11-23,1,96.0,2,96.0
65224534.5204315996,2020-12-07,2020-12-07,1,96.0,7,96.0
66762101.4386648630,2020-12-11,2020-12-11,1,96.0,1,96.0
87252370.8743434151,2020-12-10,2020-12-10,1,96.0,2,96.0
27934793.9232963542,2020-12-16,2020-12-16,1,96.0,5,96.0
7179770.4251022266,2020-11-24,2020-11-24,1,96.0,1,96.0
4186237.2268701556,2020-12-18,2020-12-18,1,96.0,1,96.0
89517168.1965913087,2020-11-24,2020-11-24,2,95.0,2,47.5
7333732.4162222716,2021-01-21,2021-01-26,2,95.0,5,47.5
4396894.6112781516,2020-12-17,2020-12-22,2,95.0,6,47.5
5934688.8369478246,2020-11-30,2020-11-30,1,95.0,10,95.0
1662132.7705678436,2020-12-31,2020-12-31,1,95.0,2,95.0
3591907.4452081930,2021-01-06,2021-01-06,1,95.0,16,95.0
45277194.9362696963,2020-12-18,2020-12-18,1,95.0,2,95.0
37858547.0848590713,2020-12-04,2020-12-13,2,95.0,8,47.5
5469445.5162537928,2020-11-16,2020-11-16,1,95.0,5,95.0
78091932.1682067766,2021-01-20,2021-01-20,1,95.0,8,95.0
41612188.2961405980,2020-12-13,2020-12-13,1,95.0,2,95.0
69933106.8605034885,2020-12-17,2020-12-17,1,94.0,3,94.0
6541037.7464446794,2020-12-11,2020-12-11,1,94.0,5,94.0
88662111.3937031291,2020-11-25,2020-11-25,2,94.0,6,47.0
51473797.3600857770,2021-01-22,2021-01-22,1,94.0,3,94.0
7030108.5593636316,2020-12-07,2020-12-07,1,94.0,6,94.0
80312544.1441597452,2020-11-21,2020-11-21,1,94.0,6,94.0
26923382.2344097794,2020-11-10,2020-11-10,1,94.0,2,94.0
11383596.2291019550,2021-01-24,2021-01-24,1,94.0,4,94.0
4951108.2778514025,2020-11-17,2020-11-17,1,94.0,3,94.0
4228397.9560479355,2020-12-19,2020-12-29,2,94.0,2,47.0
77931886.2892148487,2020-11-06,2020-11-06,1,94.0,4,94.0
78595868.1512099749,2020-12-01,2020-12-01,1,94.0,5,94.0
4211935.8810857498,2021-01-06,2021-01-06,1,94.0,7,94.0
81646599.9766401752,2020-11-20,2020-11-20,1,94.0,8,94.0
10111055.8768683862,2020-12-10,2020-12-10,1,94.0,3,94.0
60884649.3274819122,2020-11-28,2020-11-28,1,94.0,2,94.0
41074384.6453239211,2020-12-02,2020-12-02,1,94.0,7,94.0
37616300.9841989253,2021-01-22,2021-01-22,1,94.0,8,94.0
3274035.7886971888,2020-12-10,2020-12-10,1,94.0,10,94.0
28475030.0026516570,2020-12-29,2020-12-29,3,93.0,4,31.0
1298332.8805790276,2020-12-28,2020-12-28,2,93.0,6,46.5
7702417.5110281635,2021-01-19,2021-01-19,1,93.0,3,93.0
5930841.3387056624,2020-11-10,2020-11-10,1,93.0,4,93.0
2306614.9143424249,2020-12-15,2020-12-15,1,93.0,5,93.0
3124316.3000810644,2021-01-20,2021-01-20,1,93.0,12,93.0
88841711.9549610063,2020-11-26,2020-11-26,1,93.0,2,93.0
42473754.2622782636,2020-11-06,2020-11-06,1,93.0,12,93.0
5649103.1235825158,2020-11-02,2020-11-02,1,93.0,3,93.0
6980964.7715707399,2020-11-30,2020-11-30,1,93.0,4,93.0
4479256.6316064249,2020-11-07,2020-11-07,1,93.0,6,93.0
63999151.9872059715,2020-11-30,2020-11-30,1,93.0,7,93.0
29012834.8786573186,2020-11-15,2020-11-15,1,93.0,6,93.0
2220756.1679620005,2020-11-08,2020-11-08,1,93.0,4,93.0
34893677.5986111507,2020-12-03,2020-12-03,1,92.0,1,92.0
59568325.0734810744,2020-11-30,2020-12-21,2,92.0,2,46.0
36636315.3763957890,2020-12-15,2020-12-15,1,92.0,1,92.0
2794121.3808098678,2020-11-13,2020-11-13,1,92.0,1,92.0
5833707.4640795740,2020-11-09,2020-11-13,2,92.0,6,46.0
3654911.3877750732,2020-11-19,2020-11-19,1,92.0,2,92.0
23754938.4809580024,2020-12-12,2020-12-12,1,92.0,7,92.0
74206339.1857618156,2021-01-13,2021-01-13,1,92.0,1,92.0
58847820.9882992470,2021-01-10,2021-01-10,1,92.0,1,92.0
42463554.1409769202,2020-11-16,2020-11-16,1,92.0,1,92.0
84385511.3999029850,2020-12-10,2020-12-10,3,92.0,9,30.67
3680421.4213771360,2020-11-20,2021-01-31,3,92.0,12,30.67
5955469534.0943203591,2020-12-15,2020-12-15,1,92.0,1,92.0
58202770.9352561653,2020-11-14,2020-11-14,1,92.0,1,92.0
44220779.5067468026,2020-12-07,2020-12-07,1,92.0,1,92.0
1719446.5752948453,2020-12-18,2020-12-18,1,92.0,4,92.0
37250294.4002346037,2021-01-22,2021-01-22,1,92.0,10,92.0
2920530.7615095038,2020-12-05,2020-12-05,1,92.0,3,92.0
31844096.5499743319,2020-12-23,2020-12-23,2,92.0,2,46.0
6601503.8992406950,2020-12-14,2020-12-14,1,92.0,1,92.0
7511439.0962681263,2020-12-01,2020-12-01,1,92.0,1,92.0
4956831.5685051736,2020-11-30,2020-11-30,1,92.0,1,92.0
5155655.8559554783,2020-11-24,2021-01-05,2,92.0,2,46.0
66925511.8147430585,2020-11-05,2020-11-05,1,92.0,1,92.0
1549372.9570751941,2020-11-21,2020-11-21,1,92.0,2,92.0
4040287.7226508684,2021-01-24,2021-01-24,1,92.0,4,92.0
68709941.9241203499,2021-01-20,2021-01-20,1,92.0,1,92.0
22419726.6739298007,2020-12-10,2020-12-10,1,92.0,2,92.0
7659570.5939990829,2020-12-21,2020-12-21,1,92.0,4,92.0
34618547.3297655232,2020-12-05,2020-12-05,1,92.0,3,92.0
7200301.2334827190,2021-01-22,2021-01-22,1,92.0,6,92.0
4928525.8378184452,2020-11-21,2020-11-21,1,92.0,6,92.0
36297239.9102278771,2020-11-24,2020-11-24,1,92.0,2,92.0
16580886.1809823695,2020-11-23,2020-11-23,1,92.0,2,92.0
45307195.4778895431,2020-12-13,2020-12-13,1,92.0,2,92.0
6435466.2212327811,2020-12-14,2020-12-14,1,92.0,4,92.0
76589332.6790534083,2020-11-19,2020-11-19,1,92.0,1,92.0
77977630.2926457730,2020-11-19,2020-11-19,1,92.0,6,92.0
76426835.8645612742,2020-12-01,2020-12-01,1,92.0,1,92.0
81894085.3422774223,2020-12-22,2020-12-22,1,92.0,1,92.0
7614640.4464730476,2020-11-13,2020-11-13,1,92.0,1,92.0
8102096.9061340154,2020-12-02,2020-12-02,1,91.0,6,91.0
67638750.9021490779,2020-12-18,2020-12-18,1,91.0,8,91.0
8563672023.4470210271,2020-12-20,2020-12-20,1,91.0,6,91.0
6734225.7234108378,2020-12-16,2020-12-16,1,91.0,5,91.0
23684852.7409567673,2020-11-17,2020-11-17,1,91.0,8,91.0
18999567.7932809446,2021-01-25,2021-01-25,1,91.0,2,91.0
9507289116.7685282362,2021-01-16,2021-01-16,2,91.0,3,45.5
38690208.7182176252,2020-12-28,2020-12-28,1,91.0,10,91.0
54377925.8475765994,2020-12-15,2020-12-15,1,91.0,5,91.0
9992779.7021507317,2020-11-30,2020-11-30,2,91.0,2,45.5
2552499.2967992898,2021-01-16,2021-01-26,2,91.0,6,45.5
7644052.7232523165,2020-11-03,2020-12-08,3,91.0,12,30.33
45048252.2420963640,2020-12-25,2020-12-25,1,91.0,8,91.0
4571790.4716367763,2021-01-21,2021-01-21,1,91.0,5,91.0
4271969.9589215341,2020-12-11,2020-12-11,1,91.0,6,91.0
65763297.7718598085,2020-11-22,2020-11-22,1,90.0,8,90.0
19646880.6083875642,2021-01-06,2021-01-12,2,90.0,5,45.0
18562126.1110896765,2020-12-16,2020-12-16,3,90.0,3,30.0
6667186.4705493952,2020-12-16,2020-12-16,1,90.0,4,90.0
73122682.2269869827,2020-12-18,2020-12-18,1,90.0,2,90.0
11352452.9423487904,2021-01-23,2021-01-23,1,90.0,2,90.0
3448681.1233457247,2021-01-22,2021-01-22,1,90.0,3,90.0
93208681.4784997969,2021-01-13,2021-01-13,1,90.0,6,90.0
1131754.5265277968,2020-11-28,2020-11-28,1,90.0,2,90.0
9158325.4927360836,2021-01-07,2021-01-07,1,90.0,4,90.0
10092926.3786306416,2021-01-22,2021-01-22,1,90.0,2,90.0
1919550.7510296150,2020-12-15,2020-12-15,1,90.0,7,90.0
1442181.1876979854,2020-11-15,2020-11-15,1,90.0,2,90.0
11429624.0505703180,2020-12-15,2020-12-15,1,90.0,2,90.0
1735740.0362728656,2020-12-22,2020-12-22,2,90.0,4,45.0
14297973.3454104875,2020-12-11,2020-12-11,1,90.0,6,90.0
48517782.6581183636,2020-11-06,2020-11-06,1,90.0,7,90.0
69008080.7918925068,2020-11-04,2020-11-04,1,90.0,7,90.0
44200284.5307032834,2021-01-20,2021-01-20,1,90.0,8,90.0
6424047.8666679089,2020-11-17,2020-11-17,1,90.0,2,90.0
47123059.7487136972,2020-12-14,2020-12-14,1,90.0,4,90.0
3702643.5920822410,2020-12-19,2020-12-19,1,90.0,2,90.0
82790046.1686536183,2020-11-26,2020-12-16,3,90.0,8,30.0
77327517.5603080726,2021-01-19,2021-01-19,1,90.0,3,90.0
3880842.7234357285,2020-12-12,2020-12-12,1,90.0,6,90.0
58568906.5092468761,2020-11-24,2020-11-24,1,90.0,3,90.0
33727882.2877204595,2020-12-12,2020-12-12,1,90.0,3,90.0
55551865.7737301653,2021-01-18,2021-01-18,1,89.0,1,89.0
86074018.9561167077,2021-01-20,2021-01-20,1,89.0,8,89.0
14010753.6803494599,2020-11-05,2020-11-05,1,89.0,6,89.0
26725725.4543798623,2021-01-19,2021-01-19,1,89.0,6,89.0
8315543.6828475045,2020-12-15,2020-12-15,1,89.0,9,89.0
67357465.5172454961,2020-11-27,2020-11-27,1,89.0,8,89.0
7509303346.8821447922,2020-12-31,2020-12-31,1,89.0,15,89.0
2708313.8991739258,2020-11-17,2020-11-17,1,89.0,4,89.0
6273742.7608658637,2020-11-25,2020-11-25,1,89.0,1,89.0
56969245.0794104270,2020-11-25,2020-11-25,1,89.0,7,89.0
47875006.0956034934,2021-01-20,2021-01-20,1,89.0,8,89.0
76236262.3256398802,2020-11-18,2020-11-18,1,89.0,1,89.0
1521415006.8547838009,2021-01-25,2021-01-25,1,89.0,4,89.0
24006366.1954329758,2020-11-26,2020-11-26,1,89.0,6,89.0
64742452.6990095471,2020-12-06,2020-12-06,1,89.0,1,89.0
11651833.7671554272,2021-01-20,2021-01-20,1,89.0,1,89.0
27700391.5760431214,2020-11-23,2020-11-23,1,88.0,2,88.0
81444980.8487304711,2020-11-03,2020-11-03,1,88.0,6,88.0
56842056.4074014657,2020-11-24,2020-11-24,1,88.0,2,88.0
56058107.1090429889,2020-11-30,2020-11-30,1,88.0,2,88.0
4118528.2594121459,2020-12-11,2020-12-11,2,88.0,2,44.0
23468969.8705339890,2020-12-16,2020-12-16,2,88.0,2,44.0
72038010.9868034309,2020-11-27,2020-11-27,1,88.0,4,88.0
47809082.2700865658,2020-12-19,2020-12-19,1,88.0,1,88.0
82616163.0426166700,2020-11-19,2020-11-19,1,88.0,2,88.0
8619226.0779357153,2020-12-12,2020-12-12,1,88.0,2,88.0
82626182.5580281696,2021-01-19,2021-01-19,1,88.0,6,88.0
5365503.8577707049,2020-12-03,2020-12-03,1,88.0,2,88.0
40901811.1171290722,2020-12-04,2021-01-21,2,88.0,2,44.0
84510480.2085066526,2020-11-25,2020-11-25,1,88.0,3,88.0
69515603.8086432782,2021-01-21,2021-01-21,1,88.0,7,88.0
6339343.8838216191,2020-11-07,2020-11-07,1,88.0,2,88.0
3087694.4745898961,2020-11-14,2020-11-14,1,88.0,2,88.0
33437776.5040809109,2020-12-08,2020-12-08,1,88.0,7,88.0
62220268.4064155620,2020-11-19,2020-11-19,1,88.0,2,88.0
67244316.0781736432,2020-11-20,2020-11-20,1,88.0,2,88.0
16376869.9874342879,2021-01-13,2021-01-13,1,88.0,2,88.0
2002567.7958256343,2020-11-24,2020-11-24,1,88.0,2,88.0
2242838.1990850485,2021-01-13,2021-01-13,2,88.0,2,44.0
8039416.4498627108,2020-11-19,2020-11-19,1,88.0,4,88.0
3508378.0798934557,2021-01-20,2021-01-20,1,88.0,2,88.0
85300829.7007575520,2020-11-27,2020-11-27,1,88.0,2,88.0
8978772.4955738043,2020-11-28,2020-11-28,1,88.0,2,88.0
8365874158.6584635135,2020-12-18,2020-12-18,2,88.0,2,44.0
79173479.1654218830,2020-12-12,2021-01-21,2,88.0,2,44.0
4708662.4152953682,2020-12-04,2020-12-04,1,88.0,2,88.0
8565129.1442773138,2020-11-24,2020-11-24,1,88.0,26,88.0
3672912.9850906649,2021-01-20,2021-01-20,1,88.0,9,88.0
48579992.6520915753,2020-11-18,2020-11-18,1,88.0,2,88.0
7403204.3264957893,2020-12-22,2020-12-22,1,87.0,4,87.0
8935186924.5167433612,2020-11-24,2020-11-25,2,87.0,4,43.5
6614915.9778990786,2020-12-09,2020-12-09,1,87.0,29,87.0
52842299.0972144749,2020-11-30,2020-11-30,1,87.0,5,87.0
29329921.1682835265,2020-11-05,2020-11-05,1,87.0,8,87.0
6187495.0106411561,2020-11-25,2020-11-25,1,87.0,5,87.0
16781365.5167027314,2021-01-21,2021-01-21,1,87.0,12,87.0
7098458.6529178160,2020-11-10,2020-11-10,1,87.0,5,87.0
6809600.2578767288,2020-11-09,2020-11-09,1,87.0,3,87.0
78119366.4954012793,2021-01-20,2021-01-20,1,87.0,7,87.0
22857919.0356368006,2021-01-02,2021-01-02,1,87.0,27,87.0
58083221.3332935704,2020-11-30,2020-11-30,1,87.0,2,87.0
7528628.4608806903,2020-11-09,2020-11-09,1,87.0,4,87.0
39887388.4118342505,2020-12-10,2020-12-10,1,87.0,8,87.0
7239310.4510170747,2021-01-19,2021-01-19,1,87.0,4,87.0
17494077.2658372366,2020-12-25,2021-01-03,2,87.0,31,43.5
3297046.6509553424,2020-11-01,2020-11-01,1,87.0,4,87.0
3877486.7761649558,2021-01-26,2021-01-26,1,87.0,2,87.0
4651836.9525447719,2020-11-04,2020-11-04,1,87.0,7,87.0
66546232.8761568990,2020-11-28,2020-11-28,1,86.0,5,86.0
89614760.0710580726,2020-12-11,2020-12-11,1,86.0,13,86.0
19538850.4860675683,2020-11-25,2020-11-25,1,86.0,7,86.0
4941025.1037689726,2020-11-02,2020-11-02,1,86.0,4,86.0
8076546.3814078834,2021-01-21,2021-01-21,1,86.0,9,86.0
6085157.6522638010,2020-12-16,2020-12-16,1,86.0,4,86.0
7531411.0671848095,2020-12-11,2020-12-11,1,86.0,7,86.0
30682974.8537804631,2021-01-15,2021-01-15,1,86.0,3,86.0
2327591.8383238956,2021-01-14,2021-01-14,1,86.0,5,86.0
30072670.7590340040,2021-01-20,2021-01-20,1,86.0,11,86.0
63719715.5964715179,2021-01-19,2021-01-19,1,86.0,4,86.0
8274843.7944298261,2021-01-08,2021-01-08,1,86.0,6,86.0
1451078.8215732025,2020-11-09,2020-11-16,4,86.0,4,21.5
5941705.3208072194,2020-12-02,2020-12-02,1,86.0,5,86.0
4003292.1841257318,2021-01-25,2021-01-25,1,86.0,5,86.0
5448650.2098499254,2020-11-27,2020-11-27,1,86.0,3,86.0
1989999900.3723615330,2020-12-01,2020-12-01,2,86.0,4,43.0
3759465.8622559344,2021-01-22,2021-01-22,1,86.0,2,86.0
1016446.8237887674,2020-12-21,2020-12-21,1,86.0,6,86.0
7266315847.3933453880,2020-12-10,2020-12-10,1,86.0,4,86.0
1421856.0079266060,2021-01-12,2021-01-12,1,86.0,4,86.0
4773984.3495123536,2020-12-09,2020-12-09,1,86.0,9,86.0
6959133.0796529462,2020-11-02,2020-12-25,2,86.0,4,43.0
7087497059.2441082427,2020-12-19,2020-12-19,1,86.0,4,86.0
72137012.1051607566,2020-11-20,2020-11-20,1,86.0,6,86.0
35347718.5076451257,2021-01-20,2021-01-20,1,86.0,6,86.0
4491618.5629278395,2020-12-05,2020-12-05,1,86.0,20,86.0
7569695.7086930682,2020-12-14,2020-12-14,1,86.0,4,86.0
7522467.8202531856,2021-01-22,2021-01-22,1,86.0,8,86.0
71577991.6929043696,2020-12-16,2020-12-16,1,86.0,2,86.0
50524891.0248544815,2020-11-24,2020-11-24,1,86.0,3,86.0
8625447.1591683262,2020-12-03,2020-12-03,1,86.0,7,86.0
6406174.6400107326,2020-12-16,2020-12-16,1,86.0,4,86.0
67199937.0839483428,2021-01-19,2021-01-19,1,86.0,4,86.0
5731385.0118976085,2020-12-15,2020-12-15,1,86.0,5,86.0
72288121.2421957171,2021-01-20,2021-01-20,1,86.0,3,86.0
2924215.0352437879,2021-01-07,2021-01-07,1,86.0,10,86.0
75449906.0465740489,2020-11-28,2020-11-28,1,85.0,2,85.0
42372741.7725745796,2020-12-18,2020-12-27,2,85.0,4,42.5
66999027.0229648490,2021-01-21,2021-01-21,1,85.0,3,85.0
4057017.7445500408,2020-12-14,2020-12-14,1,85.0,5,85.0
83008565.9882087584,2020-11-02,2020-11-02,1,85.0,5,85.0
32537323.1786293821,2021-01-22,2021-01-22,1,85.0,4,85.0
36081120.9781065736,2021-01-09,2021-01-09,1,85.0,2,85.0
3559702.8102516207,2020-12-16,2020-12-16,1,85.0,7,85.0
49272657.0374753028,2021-01-22,2021-01-22,1,85.0,3,85.0
8319735.2431028247,2021-01-25,2021-01-25,1,85.0,4,85.0
31634486.5789704122,2020-12-08,2020-12-08,1,85.0,2,85.0
11963630.4081960728,2020-11-06,2020-12-28,2,85.0,5,42.5
7804688.9390238176,2021-01-19,2021-01-19,1,85.0,5,85.0
12980467.8586280455,2020-12-10,2020-12-10,1,85.0,2,85.0
22301850.7055592545,2021-01-20,2021-01-20,1,85.0,6,85.0
8367098267.6266306459,2020-12-18,2020-12-18,1,85.0,10,85.0
68123533.2163387749,2021-01-19,2021-01-19,1,85.0,5,85.0
5555029.1780152336,2021-01-25,2021-01-25,1,85.0,6,85.0
67165994.3239573530,2020-11-28,2020-11-28,2,85.0,6,42.5
24169354.1033931776,2021-01-20,2021-01-20,1,85.0,3,85.0
22626490.1144906377,2020-12-16,2020-12-16,1,85.0,4,85.0
8350624.0488361089,2021-01-20,2021-01-20,1,85.0,5,85.0
6762805.6017188798,2020-11-29,2020-11-29,1,85.0,2,85.0
46713699.8088713367,2020-11-30,2020-12-30,2,84.0,4,42.0
59984887.3998777935,2020-12-05,2020-12-05,1,84.0,3,84.0
1269503.0307049017,2020-12-16,2020-12-17,6,84.0,6,14.0
66003152.6293590689,2020-12-22,2020-12-22,1,84.0,3,84.0
72370889.4274312461,2020-11-21,2020-11-21,1,84.0,8,84.0
6925264.7236399265,2020-11-06,2020-11-06,1,84.0,5,84.0
29339544.5051604260,2021-01-22,2021-01-25,4,84.0,4,21.0
2422991177.9011347046,2021-01-20,2021-01-20,1,84.0,12,84.0
78767229.7873550362,2021-01-14,2021-01-14,1,84.0,7,84.0
5996776.4076510130,2020-11-23,2020-11-23,1,84.0,12,84.0
72957336.1004222273,2021-01-21,2021-01-21,1,84.0,5,84.0
48759743.3897304613,2020-11-27,2020-11-27,1,84.0,7,84.0
33441899.6129787929,2021-01-20,2021-01-20,1,84.0,7,84.0
8942620.3768210351,2020-12-08,2020-12-08,1,84.0,3,84.0
85716296.2746032609,2021-01-25,2021-01-25,1,84.0,3,84.0
5184896.7773934801,2021-01-21,2021-01-26,4,84.0,4,21.0
86253338.5702333040,2020-12-19,2020-12-19,6,84.0,6,14.0
6956769.0761317548,2021-01-20,2021-01-20,1,84.0,6,84.0
3133775.9156295221,2020-12-07,2020-12-07,1,84.0,3,84.0
9039571.9454436357,2021-01-23,2021-01-23,1,84.0,3,84.0
68810872.5074560693,2020-12-08,2020-12-08,1,84.0,2,84.0
41170608.3749741399,2020-12-21,2020-12-21,1,84.0,47,84.0
47004130.2614985916,2020-11-12,2020-11-12,1,84.0,5,84.0
45333280.3272952755,2020-11-04,2020-11-04,1,84.0,2,84.0
64416999.5439036039,2020-11-20,2020-11-20,1,84.0,8,84.0
47300109.6237634766,2020-12-08,2020-12-08,1,84.0,7,84.0
38807944.2775419825,2021-01-23,2021-01-23,1,84.0,6,84.0
65796992.6677179699,2020-12-15,2020-12-15,1,84.0,3,84.0
4776388.1769463257,2021-01-22,2021-01-22,1,84.0,13,84.0
35776748.8724446726,2020-12-17,2020-12-17,1,84.0,6,84.0
18959111.1595509886,2021-01-21,2021-01-21,1,84.0,6,84.0
82844534.6436445101,2020-12-27,2020-12-27,1,84.0,3,84.0
57331972.5170829627,2021-01-22,2021-01-22,1,83.0,3,83.0
54064006.4612083157,2020-11-04,2020-11-04,1,83.0,2,83.0
21509530.5446744309,2021-01-20,2021-01-20,1,83.0,14,83.0
6789255.8149326021,2021-01-21,2021-01-21,1,83.0,3,83.0
2917534.5056390033,2020-12-03,2020-12-03,1,83.0,9,83.0
48907950.3864926902,2020-11-24,2020-11-24,1,83.0,6,83.0
81507474.7124670126,2020-12-15,2020-12-15,2,83.0,7,41.5
13285520.2959269878,2020-12-09,2020-12-12,2,83.0,4,41.5
2335262.1250213439,2021-01-22,2021-01-22,1,83.0,6,83.0
11677998.3685150844,2020-12-15,2021-01-07,2,83.0,3,41.5
12918996.0504047773,2020-12-15,2020-12-15,1,83.0,5,83.0
24304271.4330042107,2020-12-12,2020-12-12,1,83.0,2,83.0
54818265.6577214045,2020-11-13,2020-12-19,2,83.0,3,41.5
6948012.9754264018,2020-12-14,2020-12-14,1,83.0,3,83.0
76282145.6467825759,2020-12-09,2020-12-09,2,83.0,8,41.5
52206227.1304942050,2020-12-16,2020-12-16,1,83.0,12,83.0
6124369.2118584602,2021-01-22,2021-01-22,1,82.0,5,82.0
8802884547.0021147778,2021-01-18,2021-01-18,1,82.0,2,82.0
6027887.5211064946,2020-11-21,2020-12-30,2,82.0,9,41.0
57813325.3678451216,2020-12-11,2020-12-11,1,82.0,6,82.0
69713248.5059349258,2020-12-15,2020-12-15,1,82.0,4,82.0
88839956.1260646312,2021-01-06,2021-01-06,1,82.0,4,82.0
6212731.0009421838,2020-11-09,2020-11-09,1,82.0,3,82.0
3969719.1370988267,2020-12-08,2020-12-08,1,82.0,4,82.0
83122453.5394732985,2020-12-17,2020-12-20,2,82.0,14,41.0
14852669.9791388097,2020-12-04,2020-12-04,1,82.0,7,82.0
19873344.4999466945,2020-12-16,2020-12-16,1,82.0,5,82.0
31144747.8079100313,2020-12-15,2020-12-15,1,82.0,9,82.0
11026237.6695291303,2020-11-30,2020-11-30,1,82.0,3,82.0
8252618717.0494009861,2021-01-26,2021-01-26,1,82.0,5,82.0
6390320.2348413457,2020-11-11,2020-11-11,1,82.0,4,82.0
6866245.1904282400,2020-12-12,2020-12-12,1,82.0,4,82.0
1076048999.1524631135,2021-01-26,2021-01-26,1,82.0,4,82.0
1806399.4725727058,2021-01-25,2021-01-25,1,82.0,5,82.0
7620383.9581361736,2020-11-30,2020-11-30,1,82.0,4,82.0
56110190.2206479626,2020-11-08,2020-11-08,1,82.0,4,82.0
3060968189.0797537444,2020-12-13,2020-12-13,1,82.0,9,82.0
59881976.1815940735,2020-11-27,2020-11-27,1,81.0,3,81.0
1773396.0419473781,2020-12-15,2020-12-15,1,81.0,2,81.0
1513222.1542392261,2020-12-20,2020-12-20,2,81.0,6,40.5
7848612.5364146017,2020-12-09,2020-12-09,1,81.0,2,81.0
71809229.6889565634,2021-01-20,2021-01-20,1,81.0,2,81.0
66722347.8983163223,2020-12-08,2020-12-14,2,81.0,12,40.5
2684090.0831718948,2020-11-13,2020-11-13,1,81.0,3,81.0
9133428.2538890525,2021-01-23,2021-01-23,1,81.0,7,81.0
86506239.5873574585,2020-11-25,2020-11-25,1,81.0,6,81.0
53386672.0195873047,2021-01-22,2021-01-22,1,81.0,3,81.0
33274361.4713446044,2020-11-03,2020-11-03,1,81.0,4,81.0
56625395.7315960485,2020-12-12,2020-12-12,1,81.0,3,81.0
25751116.8740706267,2020-12-14,2020-12-14,1,81.0,11,81.0
5534507.9883804494,2020-12-14,2020-12-14,1,80.0,4,80.0
78124649.1656587707,2020-11-14,2020-11-14,1,80.0,6,80.0
4983865.9578536501,2020-11-13,2020-11-13,5,80.0,5,16.0
12557240.6917222125,2020-11-10,2020-11-10,1,80.0,6,80.0
4244063.5746229815,2021-01-24,2021-01-24,1,80.0,2,80.0
4828068.2073927850,2020-12-15,2020-12-15,1,80.0,4,80.0
5442666.6069210320,2020-12-08,2020-12-08,1,80.0,3,80.0
63884332.6008916710,2020-12-01,2020-12-01,1,80.0,4,80.0
4284305324.1896487358,2020-11-24,2020-11-24,1,80.0,2,80.0
7356019.3663162103,2020-12-01,2020-12-01,1,80.0,4,80.0
8615072.6619063078,2021-01-16,2021-01-16,1,80.0,6,80.0
3239161.4615679765,2020-12-03,2020-12-03,1,80.0,5,80.0
1943185.6260713896,2020-11-20,2020-11-20,1,80.0,2,80.0
3191154706.8263425472,2021-01-19,2021-01-19,1,80.0,5,80.0
52931639.4509960949,2020-12-16,2020-12-16,1,80.0,2,80.0
76647866.4324085605,2020-12-15,2020-12-15,1,80.0,7,80.0
29625533.6319169088,2021-01-07,2021-01-07,1,80.0,4,80.0
2127367.4441935233,2021-01-21,2021-01-21,1,80.0,7,80.0
35862721.9988627980,2020-11-24,2020-11-24,1,80.0,6,80.0
31508986.6211752903,2020-12-18,2020-12-18,1,80.0,2,80.0
9209369.0557021039,2020-12-03,2020-12-03,1,80.0,4,80.0
84172914.5775541079,2021-01-25,2021-01-25,1,80.0,4,80.0
8478888.8486003629,2020-11-17,2020-11-17,1,80.0,3,80.0
84080911.7958476288,2021-01-15,2021-01-15,1,80.0,2,80.0
59044937.5350894136,2020-12-10,2020-12-10,1,80.0,4,80.0
11105025.0713455496,2020-12-01,2020-12-01,2,79.0,3,39.5
60554403.6518704294,2020-12-15,2020-12-15,1,79.0,1,79.0
2414762.3155087525,2020-11-13,2020-11-13,1,79.0,2,79.0
7021233.6876778352,2020-12-10,2020-12-10,1,79.0,1,79.0
98737231.6995342156,2020-12-15,2020-12-15,1,79.0,1,79.0
6912309.8730595992,2021-01-22,2021-01-22,1,79.0,1,79.0
4115432.9849138741,2021-01-07,2021-01-07,1,79.0,3,79.0
8905000.7139776419,2021-01-21,2021-01-21,1,79.0,4,79.0
3634722.5332335025,2021-01-09,2021-01-09,1,79.0,1,79.0
33374347.9195100558,2020-12-03,2020-12-03,1,79.0,1,79.0
34337826.8589907777,2020-12-18,2020-12-18,1,79.0,2,79.0
23049349.8568567171,2020-12-04,2020-12-04,1,79.0,15,79.0
8608966.1893326710,2020-12-12,2020-12-12,1,79.0,1,79.0
1165995.5956787568,2020-11-17,2020-11-17,1,79.0,2,79.0
55876955.1461572499,2020-12-18,2020-12-18,1,79.0,1,79.0
4690383.2184789524,2021-01-11,2021-01-11,1,79.0,2,79.0
6529983.5567562804,2021-01-24,2021-01-24,1,79.0,14,79.0
6948517.7826846100,2020-12-09,2020-12-09,1,79.0,4,79.0
5797185.5565350475,2020-12-05,2020-12-05,1,79.0,5,79.0
1513854.4372984826,2020-12-15,2020-12-15,1,79.0,1,79.0
82288674.1418835263,2020-12-15,2020-12-15,1,79.0,1,79.0
1907946.0838810934,2021-01-12,2021-01-12,1,79.0,1,79.0
1181671929.7227404022,2020-12-31,2020-12-31,1,79.0,2,79.0
7851717310.4801484131,2020-11-30,2020-11-30,1,79.0,1,79.0
41141552.8387155159,2020-11-18,2020-11-18,1,79.0,2,79.0
5013288.8674440820,2020-12-15,2020-12-15,1,79.0,1,79.0
47327205.6325472260,2020-12-18,2020-12-18,1,79.0,2,79.0
19275645.5139195959,2020-12-01,2020-12-01,1,79.0,8,79.0
66586954.9090439023,2020-12-12,2020-12-12,1,79.0,4,79.0
4484161.8947884851,2020-12-15,2020-12-15,1,79.0,1,79.0
377360457.8254199418,2020-11-13,2020-12-11,2,79.0,4,39.5
1750371.7249808647,2020-12-15,2020-12-15,1,79.0,4,79.0
6190624.8931186607,2020-12-11,2020-12-11,1,79.0,1,79.0
90778964.2302489928,2020-12-15,2020-12-15,1,79.0,1,79.0
68346527.0844051631,2020-12-05,2020-12-05,1,79.0,1,79.0
52768784.2327124854,2021-01-21,2021-01-21,1,79.0,2,79.0
8698666737.1710911998,2020-11-12,2020-11-12,1,78.0,2,78.0
8882998.2908489159,2020-12-11,2020-12-11,1,78.0,6,78.0
17209917.8498366479,2020-11-16,2020-11-16,1,78.0,4,78.0
1132369.2816052952,2020-11-11,2020-11-11,1,78.0,3,78.0
59199504.6442886361,2021-01-15,2021-01-15,1,78.0,5,78.0
5073051.0072849842,2020-11-27,2020-11-27,1,78.0,2,78.0
41280451.5966697273,2020-11-02,2020-11-25,2,78.0,6,39.0
2638531.4937946565,2020-11-29,2020-11-29,1,78.0,4,78.0
24178523.2626897351,2020-11-21,2020-11-21,1,78.0,8,78.0
4199051.4595175442,2021-01-28,2021-01-28,1,78.0,2,78.0
77740062.7146345636,2020-12-13,2020-12-13,1,78.0,3,78.0
55847223.9986381572,2020-12-15,2020-12-15,1,78.0,2,78.0
9692619.6154700763,2020-12-11,2020-12-11,1,77.0,6,77.0
4285173.0566058301,2021-01-20,2021-01-20,1,77.0,2,77.0
5817047.8350669320,2020-11-17,2021-01-24,2,77.0,3,38.5
3903259.6420982880,2021-01-23,2021-01-23,1,77.0,6,77.0
8048203.9183206021,2020-12-08,2020-12-08,1,77.0,4,77.0
59061039.5435612071,2020-11-28,2020-11-28,2,77.0,12,38.5
50844046.9564028621,2021-01-01,2021-01-01,1,77.0,3,77.0
58602824.1798462461,2020-12-15,2020-12-15,1,77.0,2,77.0
75226916.3196630292,2020-12-13,2020-12-13,1,77.0,6,77.0
7989341.0097191625,2020-12-24,2021-01-13,3,77.0,4,25.67
71278332.7023651906,2020-12-18,2020-12-18,1,77.0,4,77.0
65404110.4294747844,2020-12-03,2020-12-03,1,77.0,2,77.0
3777881.8197329849,2021-01-23,2021-01-23,1,77.0,3,77.0
1452482.7324331777,2020-11-30,2020-11-30,1,77.0,3,77.0
83324589.4043967351,2020-12-14,2020-12-14,1,76.0,3,76.0
63478695.0837863375,2020-11-10,2020-11-10,1,76.0,2,76.0
73739017.8732867733,2020-11-28,2020-11-28,1,76.0,2,76.0
99826321.7020196151,2021-01-25,2021-01-25,1,76.0,12,76.0
7153024.5115370134,2020-11-17,2020-11-17,1,76.0,5,76.0
23060159.8817366259,2020-12-03,2020-12-03,1,76.0,2,76.0
3237193.2779307989,2020-11-27,2020-11-28,2,76.0,3,38.0
13939412.7536118892,2020-12-03,2020-12-03,1,76.0,7,76.0
7900127.6292792546,2020-12-15,2020-12-15,1,76.0,2,76.0
2502277.1517433932,2020-11-30,2020-11-30,1,76.0,8,76.0
27946409.7040300456,2020-12-08,2020-12-08,1,76.0,6,76.0
1811862.9527400954,2020-12-24,2020-12-24,1,76.0,1,76.0
49625864.9176816663,2020-11-28,2020-11-28,1,76.0,4,76.0
27980720.8947731814,2020-12-04,2020-12-04,1,76.0,3,76.0
8526613234.8674806597,2020-12-16,2020-12-16,1,76.0,9,76.0
1601634.7430563339,2020-12-29,2020-12-29,1,76.0,7,76.0
17600486.2275967341,2020-11-27,2020-12-22,2,76.0,4,38.0
1939811.6948974674,2021-01-20,2021-01-20,1,76.0,2,76.0
5810898.6934583450,2020-12-09,2020-12-09,1,76.0,2,76.0
7149418.0554548662,2020-12-02,2020-12-02,1,76.0,2,76.0
58393225.4182288649,2020-11-22,2020-11-22,1,76.0,4,76.0
1349811.1244559364,2020-11-26,2020-11-26,1,76.0,5,76.0
28506686.6755042584,2021-01-12,2021-01-12,1,75.0,3,75.0
2663381.1128244448,2020-11-29,2020-11-29,2,75.0,4,37.5
29213420.6137198014,2020-12-12,2020-12-12,1,75.0,3,75.0
73039691.3592091634,2020-11-18,2020-11-18,2,75.0,42,37.5
30199985.4509664101,2020-11-16,2020-11-20,2,75.0,9,37.5
74826760.8268644803,2020-11-27,2020-11-27,1,75.0,10,75.0
42898775.5372388229,2020-11-30,2020-11-30,1,75.0,3,75.0
49358925.4763310482,2021-01-23,2021-01-23,1,75.0,1,75.0
4645810.6414891428,2020-12-18,2020-12-18,1,75.0,11,75.0
42708046.4152584281,2020-12-02,2020-12-02,1,75.0,7,75.0
2028522.0201942206,2020-11-30,2020-12-13,2,75.0,4,37.5
31588757.8825339636,2020-12-18,2020-12-18,1,75.0,1,75.0
5467717.9448603297,2020-12-31,2020-12-31,1,75.0,1,75.0
11042625.9465902773,2020-12-13,2020-12-13,1,75.0,3,75.0
5402809.0916803278,2020-12-05,2020-12-05,1,75.0,9,75.0
69289177.2712829976,2020-12-13,2020-12-13,1,75.0,3,75.0
39913337.5078425632,2020-11-17,2020-11-17,1,74.0,4,74.0
37383357.2206535308,2020-12-07,2020-12-07,1,74.0,4,74.0
5788686572.5981505502,2020-11-09,2020-11-09,1,74.0,25,74.0
83072571.2219987254,2021-01-21,2021-01-21,1,74.0,8,74.0
71285854.2587994288,2020-12-16,2020-12-16,1,74.0,2,74.0
48729405.8068709539,2020-12-12,2020-12-12,1,74.0,2,74.0
89960826.1583245929,2020-11-11,2020-11-11,1,74.0,4,74.0
73744073.0825120998,2020-12-08,2020-12-31,2,74.0,7,37.0
1491753.9250182150,2020-12-13,2020-12-13,2,74.0,3,37.0
20718298.6808598428,2020-12-23,2020-12-23,1,74.0,2,74.0
78536888.1867075857,2020-12-15,2020-12-15,1,74.0,2,74.0
7653885.7449557450,2020-11-23,2020-11-23,1,74.0,4,74.0
48154162.5010970818,2020-11-30,2020-11-30,1,74.0,2,74.0
6826941.5434656989,2020-12-11,2020-12-11,1,74.0,4,74.0
23761519.9043529493,2020-12-10,2020-12-10,1,74.0,5,74.0
37200331.0541488328,2020-12-04,2020-12-04,1,74.0,2,74.0
7070291.4775984721,2020-12-21,2020-12-21,1,74.0,2,74.0
85065615.9182483522,2020-11-17,2020-11-17,1,74.0,3,74.0
88125518.8306270972,2020-11-07,2020-11-23,2,73.0,4,36.5
3008670.3250240015,2020-12-13,2020-12-13,1,73.0,2,73.0
6471483.5221877990,2020-12-02,2020-12-02,1,73.0,5,73.0
63566671.0624139016,2020-11-08,2020-11-08,1,73.0,3,73.0
1384229.1647560493,2020-11-28,2020-11-28,1,73.0,5,73.0
4186517.6481556302,2020-12-04,2020-12-04,1,73.0,15,73.0
19776395.6991230845,2020-12-05,2020-12-05,1,73.0,3,73.0
67431671.1651955470,2020-12-04,2020-12-04,1,73.0,4,73.0
82858250.0760247395,2021-01-20,2021-01-20,1,73.0,3,73.0
6258055.5394754419,2020-12-18,2020-12-18,1,73.0,4,73.0
89817778.2961109026,2020-12-11,2020-12-11,1,73.0,5,73.0
11751524.1233943964,2020-12-03,2020-12-03,1,73.0,3,73.0
29973724.4702575659,2020-11-24,2020-11-24,1,73.0,6,73.0
28905204.2373409713,2020-12-23,2020-12-23,1,73.0,4,73.0
51986505.2747565154,2020-11-24,2020-11-24,1,73.0,4,73.0
7963872501.7280985193,2020-12-13,2020-12-13,1,73.0,3,73.0
6266467.7992501797,2020-12-08,2020-12-08,1,73.0,7,73.0
39965653.0318600367,2020-11-26,2020-11-26,1,73.0,6,73.0
2554609494.2346657395,2020-11-19,2020-11-19,1,73.0,3,73.0
58535639.3555391988,2021-01-08,2021-01-08,1,72.0,2,72.0
87047667.1042912591,2021-01-01,2021-01-01,2,72.0,3,36.0
1585309.6580304644,2020-12-04,2020-12-04,1,72.0,2,72.0
66110580.3915490917,2021-01-12,2021-01-12,1,72.0,5,72.0
30986155.2819672189,2020-12-16,2020-12-16,1,72.0,4,72.0
28469804.2841019579,2020-11-25,2020-11-25,1,72.0,2,72.0
4983577.8461145532,2020-12-08,2020-12-08,1,72.0,2,72.0
6147283.5287339204,2021-01-19,2021-01-19,1,72.0,3,72.0
38820363.2818595515,2020-12-05,2020-12-05,1,72.0,3,72.0
62526775.3330591472,2020-11-25,2020-11-25,1,72.0,13,72.0
7945395.8197113765,2020-12-09,2020-12-09,1,72.0,2,72.0
91081437.4176468529,2020-11-11,2020-11-11,1,72.0,3,72.0
8514502.1927548910,2020-12-13,2020-12-13,1,72.0,6,72.0
38538077.3398709669,2021-01-06,2021-01-06,1,72.0,4,72.0
47865957.1450554660,2020-11-10,2020-11-10,1,72.0,4,72.0
2681069.0750146189,2020-12-03,2020-12-03,1,72.0,3,72.0
28471582.5014474639,2020-12-09,2020-12-09,1,72.0,5,72.0
31950543.1898138464,2020-12-18,2020-12-18,1,72.0,2,72.0
2422026.0165722609,2020-11-01,2020-11-01,1,72.0,3,72.0
7378247.2288341132,2020-11-27,2020-11-27,1,72.0,3,72.0
83318375.5690486321,2020-12-02,2020-12-02,1,72.0,9,72.0
82102048.1975466467,2020-11-30,2020-12-07,2,72.0,5,36.0
22809713.5594396469,2020-11-27,2020-11-27,1,72.0,3,72.0
90640042.4789797090,2020-12-10,2020-12-10,1,72.0,2,72.0
44050879.9039342218,2020-12-08,2020-12-08,1,72.0,2,72.0
39639019.8826655065,2020-12-15,2020-12-15,1,72.0,6,72.0
2379851873.3035650084,2020-12-14,2020-12-14,1,72.0,2,72.0
54389014.0787674086,2020-12-10,2020-12-10,1,71.0,1,71.0
1380507.2487426376,2020-11-27,2020-11-27,1,71.0,4,71.0
7444839.8804218896,2020-11-14,2020-11-14,1,71.0,1,71.0
82278834.0437907358,2020-12-18,2020-12-18,1,71.0,7,71.0
50394923.2952435045,2021-01-09,2021-01-09,1,71.0,2,71.0
80099261.3426524420,2020-12-05,2020-12-05,3,71.0,4,23.67
4173503.5366002223,2020-11-09,2020-11-09,4,71.0,4,17.75
3604692.1743563681,2020-12-06,2021-01-27,2,71.0,1,35.5
7287329.6250817980,2020-11-27,2020-11-27,1,71.0,1,71.0
21819616.7879365690,2021-01-12,2021-01-12,1,71.0,3,71.0
6584802.2768783050,2021-01-20,2021-01-20,1,71.0,1,71.0
2201383.2119496784,2020-11-17,2020-11-17,1,71.0,3,71.0
90374652.8048607690,2020-12-02,2020-12-02,1,71.0,3,71.0
6709518.3773334846,2020-11-13,2020-11-13,1,71.0,2,71.0
24745771.8606465125,2020-11-18,2020-11-18,1,71.0,5,71.0
7486503607.6799883479,2020-12-05,2020-12-05,1,71.0,2,71.0
3827230.3533086822,2020-11-11,2020-11-11,1,71.0,1,71.0
50569879.3752778091,2020-11-11,2020-11-11,1,71.0,2,71.0
21199689.9636890755,2020-11-26,2020-11-26,1,71.0,5,71.0
53132817.7758017210,2020-12-12,2020-12-12,1,71.0,4,71.0
32439085.2055424151,2020-12-21,2020-12-21,1,71.0,3,71.0
2082729.0477339221,2020-11-30,2020-11-30,1,71.0,1,71.0
18171656.8464996756,2020-12-02,2020-12-02,1,71.0,1,71.0
3810063772.2479894157,2020-11-24,2020-11-24,1,71.0,1,71.0
76640124.2117888713,2020-12-01,2020-12-01,1,71.0,1,71.0
6139519660.0542827101,2021-01-12,2021-01-12,1,71.0,2,71.0
52873910.3837820346,2021-01-14,2021-01-14,1,71.0,1,71.0
8646619.3463076710,2020-12-05,2020-12-05,1,71.0,3,71.0
7940945.2925551216,2020-11-14,2020-11-14,1,71.0,3,71.0
28193094.1619179501,2020-11-28,2020-11-28,1,71.0,1,71.0
36592704.2276068785,2020-12-12,2020-12-12,1,71.0,8,71.0
6329222.4077008311,2020-11-05,2020-11-05,1,71.0,6,71.0
7676671.1176734435,2020-12-08,2020-12-08,1,71.0,4,71.0
83812359.6098055338,2021-01-30,2021-01-30,2,70.0,2,35.0
10469704.3472380781,2021-01-14,2021-01-14,1,70.0,1,70.0
77327261.9614153178,2021-01-04,2021-01-04,1,70.0,2,70.0
66793226.8520233559,2020-12-08,2020-12-08,1,70.0,4,70.0
5925851.9554360524,2020-11-29,2020-11-29,1,70.0,2,70.0
7581468.6871965622,2020-12-09,2020-12-09,1,70.0,2,70.0
1398743.9446501908,2020-12-09,2020-12-09,1,70.0,5,70.0
44316604.1189096693,2020-12-22,2020-12-22,1,70.0,5,70.0
24216413.3568094065,2021-01-27,2021-01-27,1,70.0,1,70.0
84404754.7597435906,2020-11-30,2020-11-30,1,70.0,2,70.0
5818334.2988219400,2021-01-12,2021-01-12,1,70.0,9,70.0
47832970.6690268280,2020-12-04,2020-12-22,2,70.0,4,35.0
1367614.4912810709,2020-11-27,2020-11-27,1,70.0,2,70.0
9271679.7821879014,2020-12-18,2020-12-18,1,70.0,1,70.0
1181271.2559991025,2021-01-29,2021-01-29,1,70.0,1,70.0
26105678.1036002654,2020-12-06,2021-01-07,2,70.0,8,35.0
1989417.5184999300,2020-12-01,2020-12-01,1,70.0,3,70.0
69449470.6900964049,2020-11-18,2020-11-18,1,70.0,4,70.0
78979530.8829741899,2020-11-05,2020-11-05,1,70.0,1,70.0
5191278.7358335539,2020-12-17,2020-12-17,1,70.0,3,70.0
14427748.6131716710,2020-11-30,2020-11-30,1,70.0,2,70.0
8863355.4914234319,2020-11-15,2020-11-15,1,70.0,3,70.0
7980854.4779699400,2020-12-16,2020-12-16,1,70.0,2,70.0
71426813.6484576444,2020-11-24,2020-11-24,1,70.0,2,70.0
31229170.2945226603,2020-12-12,2020-12-12,1,70.0,3,70.0
55320022.9694600525,2020-11-06,2020-11-06,1,69.0,1,69.0
8897760.4048514573,2021-01-22,2021-01-22,1,69.0,7,69.0
44771210.2314933209,2020-11-03,2020-11-03,1,69.0,8,69.0
5237397.7064940983,2020-11-04,2020-12-16,2,69.0,5,34.5
45244493.0702066140,2020-12-12,2020-12-12,1,69.0,4,69.0
7410716.2746943114,2020-11-07,2020-11-07,1,69.0,4,69.0
88416652.0838323875,2021-01-16,2021-01-16,1,69.0,1,69.0
26519562.2001786042,2020-12-21,2021-01-12,3,69.0,23,23.0
7725658.2117768050,2020-12-09,2020-12-09,1,69.0,5,69.0
84496993.3019099787,2021-01-05,2021-01-05,1,69.0,1,69.0
63322638.6145263794,2020-12-10,2020-12-10,1,69.0,2,69.0
81176111.0310368280,2020-11-27,2020-11-27,1,69.0,3,69.0
4670841.6660469429,2021-01-17,2021-01-17,1,69.0,1,69.0
1760327.1126266238,2021-01-14,2021-01-14,1,69.0,1,69.0
5940658266.3455244663,2020-11-08,2020-11-08,1,69.0,1,69.0
9086711895.7106781995,2021-01-22,2021-01-22,1,69.0,7,69.0
5402723.9681886212,2020-12-04,2020-12-04,1,69.0,4,69.0
57032373.6609455190,2020-12-05,2020-12-05,1,69.0,3,69.0
3306493.6869699768,2020-11-30,2020-11-30,1,69.0,1,69.0
60290905.3120917328,2020-12-08,2020-12-08,1,69.0,1,69.0
9162393.3139216792,2021-01-10,2021-01-10,1,69.0,1,69.0
25060616.2829422023,2020-11-03,2020-11-03,1,68.0,4,68.0
62367831.6101573204,2020-12-06,2020-12-06,1,68.0,2,68.0
90422982.2543893019,2020-11-04,2020-11-04,1,68.0,6,68.0
1336541.8089767254,2020-11-17,2020-11-24,2,68.0,9,34.0
89736817.8673115024,2020-12-18,2020-12-18,1,68.0,4,68.0
21242720.7094333523,2020-12-11,2021-01-20,2,68.0,3,34.0
54050361.8478898304,2020-11-21,2020-11-21,1,68.0,4,68.0
71510217.3315206080,2021-01-07,2021-01-07,1,68.0,2,68.0
44974147.5717650402,2020-12-09,2020-12-09,1,68.0,6,68.0
29570964.3192916968,2021-01-13,2021-01-13,1,68.0,6,68.0
43950878.2847092801,2020-11-19,2020-11-19,1,68.0,4,68.0
76654420.3019926863,2020-12-07,2020-12-07,1,68.0,2,68.0
2739425.0432989823,2020-12-29,2020-12-29,1,68.0,3,68.0
6295459.5314511143,2020-12-22,2020-12-22,1,68.0,3,68.0
5309497742.4560578847,2021-01-26,2021-01-26,1,68.0,6,68.0
32964131.2305658200,2020-12-11,2020-12-11,1,68.0,5,68.0
16452090.3561030142,2020-12-16,2020-12-16,1,68.0,3,68.0
26003572.1132400750,2020-11-29,2020-11-29,1,68.0,3,68.0
81446984.1609942483,2021-01-14,2021-01-14,1,68.0,2,68.0
65904468.2920700958,2020-11-27,2020-11-27,1,68.0,2,68.0
82736940.6582572177,2020-12-06,2020-12-06,1,68.0,4,68.0
2516229.6115027745,2020-12-13,2020-12-13,1,67.0,2,67.0
28569564.3821183207,2020-12-15,2020-12-15,1,67.0,3,67.0
8633002.3339270787,2020-12-05,2020-12-10,2,67.0,4,33.5
69080739.9100349214,2020-12-18,2020-12-18,1,67.0,3,67.0
79080724.0148001328,2020-12-26,2020-12-26,1,67.0,2,67.0
12616947.5651073543,2021-01-20,2021-01-20,1,67.0,12,67.0
4178087.7032911177,2021-01-22,2021-01-22,1,67.0,3,67.0
7483078.1076858608,2020-12-23,2020-12-23,1,67.0,4,67.0
3436758.3540022393,2020-12-02,2020-12-02,1,67.0,3,67.0
52963408.8320264398,2021-01-22,2021-01-22,1,67.0,3,67.0
7228205337.7017500982,2020-11-10,2020-11-10,1,67.0,4,67.0
1803200.7777857363,2020-12-27,2020-12-27,1,67.0,3,67.0
50234006.7156805216,2020-11-14,2020-11-14,1,67.0,3,67.0
62856019.3238415642,2020-11-28,2020-11-28,1,67.0,2,67.0
637884255.3997903180,2020-12-12,2020-12-12,1,67.0,7,67.0
3846424.1179556219,2020-12-09,2020-12-09,3,66.0,16,22.0
62926115.2506930242,2020-11-25,2020-11-25,1,66.0,4,66.0
2476173.9104747305,2020-11-13,2020-11-17,2,66.0,2,33.0
86388013.6727453761,2020-11-27,2020-11-27,1,66.0,3,66.0
56494469.6974953877,2020-11-03,2020-11-03,1,66.0,4,66.0
83486645.0419878784,2020-11-25,2020-11-25,1,66.0,6,66.0
87600401.0863764142,2021-01-08,2021-01-08,1,66.0,3,66.0
5041130.4127815311,2020-12-14,2020-12-14,1,66.0,4,66.0
7672681.6997556283,2021-01-17,2021-01-17,1,66.0,2,66.0
21212846.2865668337,2020-12-15,2020-12-15,2,66.0,5,33.0
56113571.7461187367,2020-11-09,2020-11-09,2,66.0,3,33.0
11766732.8000293665,2020-12-03,2020-12-03,1,66.0,4,66.0
1280111349.1479378569,2020-12-11,2020-12-11,1,66.0,4,66.0
6603816.5140292624,2020-11-19,2020-11-19,1,66.0,4,66.0
2459609.1421753209,2020-11-21,2020-11-21,1,66.0,18,66.0
32220426.7266826946,2020-12-18,2020-12-18,1,66.0,4,66.0
2571967530.2221797757,2021-01-09,2021-01-09,1,66.0,3,66.0
1554450.8430552983,2020-11-14,2020-11-14,1,66.0,6,66.0
4876835.9267582756,2020-12-28,2020-12-28,1,66.0,3,66.0
33228466.7506889878,2020-12-10,2020-12-10,1,66.0,10,66.0
5958762.0643846515,2020-11-30,2020-11-30,1,66.0,5,66.0
62245069.7842050254,2020-11-22,2020-11-22,1,66.0,4,66.0
10269098.5703813861,2021-01-07,2021-01-07,1,66.0,22,66.0
13364975.1358294130,2020-12-09,2020-12-09,1,66.0,3,66.0
7186879.8446139395,2020-11-02,2020-11-02,1,66.0,8,66.0
11251067.8076493504,2020-11-26,2020-11-26,1,66.0,2,66.0
45812920.1745374710,2020-12-14,2020-12-14,1,66.0,10,66.0
3854148056.2149365655,2020-11-16,2020-11-16,1,65.0,2,65.0
8814952.6174853430,2020-12-16,2020-12-16,1,65.0,4,65.0
1972984.6707484339,2020-12-19,2020-12-19,1,65.0,2,65.0
67692146.5227615799,2020-11-25,2020-11-25,1,65.0,16,65.0
79553165.4071602117,2020-12-08,2020-12-08,1,65.0,2,65.0
84733987.1998752292,2020-12-08,2020-12-08,2,65.0,8,32.5
79219690.8483166390,2020-11-05,2020-11-05,1,65.0,10,65.0
3287379.7416476309,2020-12-18,2021-01-28,3,65.0,10,21.67
87978859.5425554329,2021-01-12,2021-01-12,1,65.0,4,65.0
6653444.2272771449,2021-01-16,2021-01-16,1,65.0,4,65.0
5493040.3439425467,2021-01-10,2021-01-10,1,65.0,11,65.0
3138661.7215424304,2020-11-11,2020-11-11,1,65.0,15,65.0
3336646.4974569457,2020-11-29,2020-11-29,1,65.0,6,65.0
1550859.5605002123,2020-11-26,2020-11-26,1,65.0,2,65.0
64327920.9668348160,2020-11-27,2020-11-27,1,65.0,4,65.0
30327434.6405100575,2020-11-22,2020-11-22,2,64.0,4,32.0
11330440.1022375512,2020-12-07,2020-12-07,1,64.0,4,64.0
36185608.4688744734,2020-11-14,2020-11-14,1,64.0,4,64.0
1279595.7348368743,2020-12-27,2021-01-18,2,64.0,2,32.0
50459060.2091794479,2020-12-05,2020-12-05,1,64.0,3,64.0
71985328.5213385555,2020-12-18,2020-12-18,1,64.0,3,64.0
1300033.4750122266,2020-11-28,2020-11-28,1,64.0,3,64.0
3678796.0209524077,2020-11-11,2020-11-11,1,64.0,3,64.0
2113325.1940945017,2020-11-08,2020-12-08,2,64.0,4,32.0
52687165.0903734385,2020-11-30,2020-11-30,1,64.0,4,64.0
64653336.4646158623,2020-11-11,2020-11-11,1,64.0,9,64.0
24070954.9186532223,2020-12-07,2020-12-15,2,64.0,2,32.0
53066733.3024849807,2020-12-09,2020-12-09,1,64.0,6,64.0
58454116.2497862183,2020-12-20,2020-12-20,1,64.0,3,64.0
31940764.0532258933,2020-11-09,2020-11-09,1,64.0,2,64.0
2430931.6173812141,2020-11-23,2020-11-23,1,64.0,6,64.0
5407612.3141758192,2020-11-19,2020-11-19,1,64.0,2,64.0
19569327.4509171845,2020-12-01,2020-12-01,1,64.0,2,64.0
1516904.8325459706,2020-12-10,2020-12-10,1,63.0,1,63.0
33027284.2974994612,2020-11-01,2020-11-01,1,63.0,6,63.0
44590577.0501187299,2020-12-03,2020-12-03,1,63.0,3,63.0
50625438.6453912217,2020-12-17,2020-12-17,1,63.0,4,63.0
37055874.5655053626,2020-12-02,2020-12-02,1,63.0,1,63.0
70825378.7231985352,2021-01-06,2021-01-06,1,63.0,1,63.0
15485284.9465721193,2020-12-04,2020-12-04,1,63.0,1,63.0
9147324811.3340748180,2020-12-02,2020-12-02,1,63.0,1,63.0
5323353.2186165169,2020-12-14,2020-12-14,1,63.0,1,63.0
5298595.3824316171,2020-12-21,2020-12-21,1,63.0,1,63.0
7943950.0170510912,2020-11-05,2020-11-05,1,63.0,1,63.0
58413993.0257976234,2021-01-23,2021-01-23,1,63.0,10,63.0
48950292.7220423425,2020-12-07,2020-12-07,1,63.0,1,63.0
3341339703.3960463341,2020-11-05,2020-11-05,1,63.0,11,63.0
67300719.0613628944,2020-11-14,2020-11-14,1,63.0,4,63.0
54054788.5524342358,2021-01-08,2021-01-08,1,63.0,2,63.0
15894992.4328529401,2020-12-19,2020-12-19,1,63.0,5,63.0
91803638.1469968399,2020-11-11,2020-11-11,1,63.0,7,63.0
1738338.2951797326,2020-12-05,2020-12-05,1,63.0,3,63.0
7122244.8452189284,2020-12-04,2020-12-04,1,63.0,3,63.0
60946114.0900351195,2020-11-29,2020-11-29,1,63.0,2,63.0
4323466.5326100311,2020-11-10,2020-11-10,1,63.0,1,63.0
47560404.3476867470,2020-11-27,2020-11-27,1,63.0,1,63.0
5761971471.2167723492,2020-12-08,2020-12-08,1,63.0,15,63.0
2459937.2318206302,2021-01-05,2021-01-05,1,63.0,1,63.0
2206124.5804645350,2020-12-17,2020-12-17,1,63.0,1,63.0
5044121.9570928383,2020-12-21,2020-12-21,1,63.0,1,63.0
3295969.7003429554,2020-12-15,2020-12-15,1,63.0,1,63.0
39848806.8098859726,2020-11-29,2020-11-29,1,63.0,5,63.0
5038082.1213644469,2020-12-16,2020-12-16,1,63.0,1,63.0
44519434.2674116155,2020-12-28,2020-12-28,1,63.0,1,63.0
6939144.9225806090,2020-11-12,2020-11-12,1,62.0,3,62.0
9038562615.4849510514,2020-12-12,2020-12-12,1,62.0,4,62.0
32495068.8510753707,2020-12-18,2020-12-18,1,62.0,8,62.0
4241710.4464603704,2020-12-08,2020-12-08,1,62.0,3,62.0
42795253.5783224983,2020-11-10,2020-11-10,1,62.0,2,62.0
26950848.2753147504,2020-11-10,2020-11-10,1,62.0,3,62.0
5510122.6423876982,2020-12-17,2020-12-17,1,62.0,7,62.0
4730992.8722407824,2020-12-22,2020-12-22,1,62.0,2,62.0
2132209.9029962354,2020-12-11,2020-12-15,2,62.0,5,31.0
52644953.9352687463,2020-12-08,2020-12-08,1,62.0,6,62.0
8643281.5509657561,2021-01-16,2021-01-19,2,62.0,4,31.0
56946920.7497732024,2020-12-01,2020-12-03,3,62.0,5,20.67
5050037.2369076659,2020-12-11,2020-12-11,1,62.0,14,62.0
2013175.8788634760,2020-12-01,2020-12-01,1,62.0,7,62.0
48003223.4943874070,2020-12-28,2020-12-28,1,62.0,2,62.0
1243316.4074408289,2020-11-24,2020-11-24,1,62.0,5,62.0
90534189.7793559750,2020-12-03,2020-12-03,1,62.0,5,62.0
2811472757.1072758998,2020-12-05,2020-12-05,1,62.0,3,62.0
1739571105.5692727677,2020-12-01,2020-12-01,1,62.0,3,62.0
46048757.5367659676,2020-11-10,2020-11-10,1,62.0,4,62.0
8706769250.9838749927,2020-11-17,2020-11-17,1,62.0,2,62.0
62257296.4539268322,2021-01-25,2021-01-25,1,62.0,5,62.0
80057143.0865341279,2020-12-12,2020-12-12,1,62.0,2,62.0
4705602.5117173147,2020-12-09,2020-12-09,1,62.0,4,62.0
14429820.5127041689,2020-12-05,2020-12-05,1,62.0,4,62.0
22038652.9104855848,2020-12-01,2020-12-01,1,62.0,2,62.0
4191504.8974147364,2020-12-16,2020-12-16,1,61.0,4,61.0
80816097.5485623131,2020-11-26,2020-11-26,1,61.0,3,61.0
11739180.5119503910,2020-12-15,2020-12-15,1,61.0,2,61.0
38411914.4791743908,2020-12-14,2020-12-14,1,61.0,3,61.0
5114182.5685213207,2021-01-21,2021-01-21,1,61.0,5,61.0
10392780.6276540753,2020-11-11,2020-11-11,1,61.0,7,61.0
26530628.3602362036,2020-12-05,2020-12-05,1,61.0,2,61.0
4067712.1364874133,2020-11-09,2020-11-09,1,61.0,4,61.0
3056927.8375951035,2021-01-05,2021-01-05,1,61.0,1,61.0
5469438.4165905723,2020-12-11,2020-12-11,1,61.0,2,61.0
2941370.9700661406,2020-11-25,2020-12-11,2,61.0,8,30.5
2221352.0772999791,2021-01-13,2021-01-15,2,61.0,3,30.5
6208845.6973803394,2020-11-27,2020-11-27,1,61.0,4,61.0
12877939.3694492500,2020-11-17,2020-11-17,1,61.0,4,61.0
7753114948.4421244213,2020-12-28,2020-12-28,1,61.0,6,61.0
43750028.1825830479,2020-11-06,2020-11-06,1,61.0,1,61.0
3315775.4887916908,2020-12-17,2020-12-17,1,61.0,1,61.0
29405563.9336451641,2020-12-12,2020-12-12,1,61.0,5,61.0
1532532525.0257377084,2020-12-22,2020-12-22,1,61.0,1,61.0
53782595.8677191987,2021-01-25,2021-01-25,1,61.0,7,61.0
78774008.6201015241,2020-12-11,2020-12-11,1,61.0,4,61.0
40815861.1638174276,2021-01-08,2021-01-08,1,61.0,7,61.0
25930591.1422187379,2020-11-24,2020-11-24,1,61.0,3,61.0
71727250.2189553207,2020-11-18,2020-11-18,1,61.0,1,61.0
7171483.9306816136,2020-11-23,2020-11-23,1,60.0,2,60.0
3344699.5675826086,2021-01-19,2021-01-19,1,60.0,1,60.0
41321784.8870049679,2020-12-08,2020-12-08,1,60.0,3,60.0
9171293.1843144903,2020-11-24,2020-11-24,1,60.0,2,60.0
1994473.4179397065,2020-12-16,2020-12-16,1,60.0,9,60.0
58735415.2475008019,2020-11-27,2020-12-15,2,60.0,4,30.0
2265258.0325769455,2020-12-10,2020-12-10,1,60.0,2,60.0
55676797.5021268334,2020-12-22,2020-12-22,1,60.0,1,60.0
4335558.7768891561,2020-12-03,2020-12-04,2,60.0,6,30.0
4093390.4018374057,2020-11-20,2020-11-20,1,60.0,8,60.0
88356029.8584657787,2020-12-23,2020-12-23,1,60.0,1,60.0
8466512.3165163195,2020-12-01,2020-12-01,1,60.0,4,60.0
1439927.0145685301,2020-11-26,2020-11-26,1,60.0,2,60.0
1296696.7251929026,2020-11-27,2020-11-27,1,60.0,3,60.0
56010660.0104477807,2020-11-29,2020-11-29,1,60.0,1,60.0
4296769.0350898725,2020-12-18,2021-01-20,2,60.0,1,30.0
3732291.9617925883,2020-12-15,2020-12-15,1,60.0,6,60.0
6717719.5371562480,2020-11-14,2020-11-14,1,60.0,8,60.0
4297256.3583247994,2020-12-16,2020-12-16,1,60.0,4,60.0
30919230.3331476140,2020-12-18,2020-12-18,1,60.0,1,60.0
44093840.8232543120,2020-11-23,2020-11-23,1,60.0,2,60.0
1854862.9557304483,2020-12-08,2020-12-08,1,60.0,3,60.0
1603505.5621824416,2020-11-19,2020-11-19,1,60.0,2,60.0
69259915.5506299000,2020-12-20,2020-12-20,1,60.0,1,60.0
80824150.8927513505,2020-12-17,2020-12-17,1,60.0,1,60.0
90326169.4943785433,2020-11-21,2020-11-21,1,60.0,2,60.0
37312730.1216270172,2020-11-24,2020-11-24,1,60.0,2,60.0
3597047.3508477413,2020-11-27,2020-11-27,1,60.0,2,60.0
8403882324.8733646119,2020-12-17,2020-12-17,1,60.0,5,60.0
52565741.6337681069,2020-11-23,2020-11-23,1,60.0,2,60.0
5120677.2454523377,2020-12-11,2020-12-11,1,60.0,1,60.0
40360384.0007417112,2020-12-17,2020-12-17,1,60.0,1,60.0
12801942.0744878035,2020-11-04,2020-11-04,1,60.0,8,60.0
38686208.2125603721,2020-11-01,2020-11-01,1,60.0,3,60.0
3562907.6727254901,2020-11-18,2020-11-18,1,60.0,1,60.0
31016788.6587014996,2021-01-08,2021-01-08,1,60.0,3,60.0
36721083.2087862698,2020-11-10,2020-11-10,1,60.0,3,60.0
4970125.1163716142,2020-12-08,2020-12-08,2,60.0,2,30.0
1873577.7239946701,2021-01-06,2021-01-06,1,59.0,4,59.0
3252255.8114865053,2020-12-15,2020-12-15,1,59.0,2,59.0
68075284.5240293543,2020-12-20,2020-12-20,1,59.0,6,59.0
21679259.2288048672,2020-11-25,2020-11-25,2,59.0,2,29.5
26171153.2712091151,2020-12-23,2020-12-23,3,59.0,3,19.67
2228267.9773362374,2020-11-29,2020-11-29,1,59.0,2,59.0
44574139.0210963180,2020-11-24,2020-11-24,1,59.0,10,59.0
2743599.5142228112,2021-01-14,2021-01-14,1,59.0,32,59.0
31613618.4993209758,2020-11-02,2020-11-02,1,59.0,2,59.0
74635951.8097844533,2020-12-15,2020-12-15,2,59.0,6,29.5
8872008.3003968101,2020-11-14,2020-11-14,1,59.0,4,59.0
12910142.0755638588,2020-12-24,2020-12-24,1,59.0,2,59.0
54692431.8021457719,2020-11-06,2020-11-06,1,59.0,3,59.0
2471419.8377180885,2020-11-10,2020-11-10,1,59.0,12,59.0
5157888.7472869085,2020-12-24,2020-12-24,1,59.0,4,59.0
4777652.2980568851,2020-12-16,2020-12-16,1,59.0,4,59.0
68689240.0741071008,2020-11-01,2020-11-01,1,59.0,3,59.0
32916395.5650273385,2020-12-09,2020-12-09,1,58.0,1,58.0
3534695.1368743879,2020-11-30,2020-11-30,1,58.0,21,58.0
36692735.3914903406,2020-12-12,2020-12-12,1,58.0,2,58.0
5963534.4700679023,2020-11-02,2021-01-05,6,58.0,6,9.67
74273229.0304300389,2020-12-29,2020-12-29,1,58.0,5,58.0
7782816.5155913272,2020-12-18,2020-12-18,1,58.0,1,58.0
56475484.4233223230,2020-12-15,2020-12-15,1,58.0,4,58.0
6852589435.5129465651,2020-12-07,2020-12-07,1,58.0,2,58.0
5671461926.8532720409,2020-12-14,2021-01-14,2,58.0,4,29.0
88244617.7250834425,2020-12-09,2020-12-09,1,58.0,2,58.0
88155637.3076180121,2020-11-02,2020-11-02,1,58.0,5,58.0
5436485.8857572703,2020-12-11,2020-12-11,1,58.0,6,58.0
8944117.0831290845,2020-12-17,2020-12-17,1,58.0,9,58.0
52425787.4871890148,2020-11-16,2020-11-16,1,58.0,1,58.0
62166305.8414280308,2020-12-23,2020-12-23,1,58.0,2,58.0
62738775.4729752170,2020-11-02,2020-11-02,1,58.0,3,58.0
13072394.0835249988,2020-11-10,2020-11-10,1,58.0,5,58.0
6145836.1172580962,2020-12-16,2020-12-16,1,58.0,5,58.0
22876548.9702869375,2020-11-22,2020-11-22,1,58.0,4,58.0
2232198.6371873310,2020-12-07,2020-12-07,1,58.0,2,58.0
4449681.9212786049,2020-11-20,2020-11-20,1,58.0,12,58.0
7194222.8464645996,2021-01-18,2021-01-18,1,58.0,4,58.0
37603645.8224296625,2020-12-01,2020-12-01,1,58.0,1,58.0
39443462.9852246899,2020-11-02,2020-11-02,1,58.0,4,58.0
56066621.9392870540,2020-12-07,2020-12-07,1,58.0,1,58.0
65484697.9961257356,2020-12-21,2020-12-21,1,58.0,2,58.0
37163469.3831238391,2020-11-06,2020-11-06,1,58.0,3,58.0
5996473.2606177796,2020-12-16,2020-12-16,1,58.0,4,58.0
6946816.3841849120,2020-12-09,2020-12-09,1,58.0,3,58.0
20664857.0927270637,2020-11-29,2020-11-29,1,58.0,5,58.0
1394102.7869033217,2021-01-25,2021-01-25,1,58.0,6,58.0
3800893.0734397867,2020-11-30,2020-11-30,1,58.0,4,58.0
47411552.9654999884,2020-12-04,2020-12-04,1,57.0,2,57.0
6291077.4211780324,2020-12-18,2020-12-18,1,57.0,2,57.0
1073768.8680631283,2020-12-03,2020-12-03,1,57.0,2,57.0
25558125.8475774734,2020-12-22,2020-12-22,1,57.0,2,57.0
6509345.0221361040,2020-12-14,2020-12-14,1,57.0,6,57.0
13140650.3592368904,2020-11-14,2020-11-14,1,57.0,2,57.0
1055924025.4008704458,2020-12-02,2020-12-02,1,57.0,4,57.0
75857592.4215980562,2020-11-11,2020-11-11,1,57.0,2,57.0
9145316.2106521715,2020-12-02,2020-12-02,1,57.0,3,57.0
31226161.5287682516,2021-01-09,2021-01-09,1,57.0,4,57.0
7312667.0266395141,2021-01-05,2021-01-05,1,57.0,4,57.0
18844012.8867221379,2020-12-14,2020-12-14,1,57.0,5,57.0
8741663.0518466186,2021-01-09,2021-01-09,1,56.0,6,56.0
90467623.9340009368,2020-12-07,2020-12-07,1,56.0,5,56.0
3980652.4530069190,2020-11-12,2020-11-12,1,56.0,3,56.0
50900904.6507728330,2020-11-23,2020-12-17,2,56.0,29,28.0
36091629.1274862467,2020-12-10,2020-12-10,1,56.0,3,56.0
5704909.7519367722,2020-11-12,2020-11-12,2,56.0,4,28.0
4362150.8708618344,2021-01-15,2021-01-15,1,56.0,5,56.0
5869321.8775547043,2020-12-11,2020-12-11,1,56.0,2,56.0
7296831617.1672065923,2020-11-25,2020-11-25,1,56.0,3,56.0
28886785.0437982110,2020-11-24,2020-11-24,1,56.0,5,56.0
72883375.0508388309,2021-01-24,2021-01-24,1,56.0,3,56.0
25314370.6701468747,2020-12-11,2020-12-11,1,56.0,2,56.0
38963130.1006713941,2020-11-08,2020-11-08,1,56.0,13,56.0
9130640.2139762011,2020-11-03,2020-11-03,1,56.0,5,56.0
42202949.1792651105,2020-12-16,2020-12-16,1,56.0,2,56.0
66664648.4730020451,2020-11-27,2020-11-27,1,56.0,4,56.0
19741720.4276120006,2020-11-10,2020-11-10,1,56.0,2,56.0
4670216.5107610379,2020-12-04,2020-12-04,1,56.0,3,56.0
3060385.8652779159,2020-11-23,2020-11-23,1,56.0,4,56.0
64120104.5265891556,2020-11-25,2020-11-25,1,56.0,12,56.0
3353526.8991529393,2020-11-04,2020-11-04,1,56.0,4,56.0
77925772.4472848106,2020-12-09,2020-12-09,1,56.0,20,56.0
3628419.4816997781,2020-11-30,2020-11-30,1,56.0,3,56.0
3354006.4211651279,2021-01-01,2021-01-01,1,56.0,7,56.0
82463656.4683065478,2020-12-11,2020-12-11,1,56.0,4,56.0
8446899326.9951195067,2020-12-07,2020-12-07,1,56.0,2,56.0
6698829.2913246021,2020-12-29,2020-12-29,1,56.0,4,56.0
31022795.7870947773,2020-12-07,2020-12-07,1,56.0,2,56.0
4339400.4609618009,2020-11-07,2020-11-07,1,56.0,2,56.0
2608321.7754187990,2020-11-27,2020-11-27,1,56.0,3,56.0
9029010.8049284962,2020-12-22,2020-12-22,1,56.0,8,56.0
66000056.3111790804,2020-11-16,2020-11-16,1,55.0,3,55.0
76814331.1397302587,2020-12-16,2020-12-16,1,55.0,1,55.0
6408056.9668435806,2021-01-25,2021-01-25,1,55.0,1,55.0
16187714.7521852436,2020-11-03,2020-11-03,1,55.0,1,55.0
4055961.2903422421,2020-11-24,2020-11-24,1,55.0,5,55.0
31182624.5907876994,2021-01-12,2021-01-12,1,55.0,1,55.0
3314192.6404289351,2020-11-26,2020-11-26,1,55.0,1,55.0
8611828.2907648280,2020-11-13,2020-11-13,1,55.0,1,55.0
26045316.6076625887,2020-12-11,2021-01-26,2,55.0,1,27.5
1827796.6933009711,2021-01-13,2021-01-13,1,55.0,1,55.0
7195542.3513817232,2020-11-17,2020-12-12,2,55.0,4,27.5
4602632.8640945737,2021-01-20,2021-01-20,1,55.0,4,55.0
5118167.2731595773,2020-11-06,2020-11-06,1,55.0,8,55.0
8331967.3536447879,2021-01-12,2021-01-12,1,55.0,1,55.0
9195830.2305180932,2020-12-16,2020-12-16,1,55.0,1,55.0
71770739.4629236606,2020-11-04,2020-11-04,1,55.0,1,55.0
86676685.2128350161,2020-12-02,2020-12-02,1,55.0,5,55.0
2059051.2925802862,2020-12-03,2020-12-03,1,55.0,6,55.0
76491344.7374736714,2020-11-30,2020-11-30,1,55.0,4,55.0
88260882.4631526417,2020-11-18,2021-01-14,2,55.0,4,27.5
22163228.0919031513,2020-11-17,2020-11-17,1,55.0,4,55.0
1441375.7353918689,2020-11-02,2020-11-02,1,55.0,1,55.0
33411958.7357803214,2021-01-15,2021-01-15,1,55.0,1,55.0
5430975.7523687455,2021-01-11,2021-01-11,1,55.0,4,55.0
38616734.5696400468,2020-11-16,2020-11-16,1,55.0,1,55.0
43332866.6587062300,2020-12-09,2020-12-09,1,55.0,1,55.0
44446265.4202947785,2020-12-09,2020-12-09,1,55.0,1,55.0
2989628.1463094396,2021-01-13,2021-01-13,1,55.0,1,55.0
7360520.4698929166,2021-01-16,2021-01-16,1,55.0,1,55.0
5491018.4532696593,2021-01-09,2021-01-09,1,55.0,1,55.0
3821554.9305104939,2020-12-27,2020-12-27,1,55.0,3,55.0
21724072.4309728715,2020-11-06,2020-11-06,1,55.0,9,55.0
90197407.6635841321,2021-01-09,2021-01-09,1,55.0,1,55.0
1111007.3250339243,2020-12-11,2020-12-11,1,55.0,1,55.0
2788577.1997616723,2020-11-10,2020-11-10,1,55.0,1,55.0
2996087395.1661557719,2021-01-14,2021-01-14,1,55.0,1,55.0
2345933.9427223568,2020-12-21,2020-12-21,1,55.0,1,55.0
28899899.4015353216,2021-01-17,2021-01-17,1,55.0,1,55.0
4565585.6143138051,2021-01-21,2021-01-21,1,55.0,7,55.0
6658580.2826042198,2021-01-12,2021-01-12,1,55.0,1,55.0
37657350.9876173824,2021-01-21,2021-01-27,2,55.0,1,27.5
6743101.4280021996,2020-12-14,2021-01-26,2,55.0,1,27.5
1431530072.2996186071,2020-12-21,2020-12-21,1,55.0,1,55.0
62196716.9012130319,2020-11-27,2020-11-27,1,55.0,7,55.0
1610487.4035868611,2021-01-14,2021-01-14,1,55.0,1,55.0
3319193.5383281209,2020-12-16,2020-12-16,1,55.0,1,55.0
6037505.2082712603,2020-11-18,2020-11-18,1,55.0,1,55.0
16533293.5005173202,2020-11-18,2020-11-18,1,55.0,1,55.0
7792798.8012084445,2021-01-08,2021-01-08,1,55.0,1,55.0
1051154.0740172050,2020-12-17,2020-12-17,1,55.0,1,55.0
36563255.8188004692,2020-11-17,2020-11-17,1,55.0,1,55.0
8436901.9520785109,2020-12-12,2020-12-12,1,55.0,1,55.0
85373859.0716916641,2020-11-25,2020-11-25,1,55.0,1,55.0
7134697.0673803211,2021-01-24,2021-01-24,1,55.0,1,55.0
33973499.7660446490,2021-01-13,2021-01-13,1,55.0,1,55.0
28054315.0309622522,2021-01-12,2021-01-12,1,55.0,1,55.0
52484034.1270607566,2020-12-06,2020-12-06,1,55.0,1,55.0
8676958.1154553142,2021-01-06,2021-01-06,1,55.0,1,55.0
57655144.7573784360,2020-12-20,2020-12-20,1,55.0,1,55.0
18222174.8869767431,2021-01-24,2021-01-24,1,55.0,1,55.0
37308413.7975307957,2020-11-18,2020-11-18,1,55.0,1,55.0
87817726.5153482315,2020-11-24,2020-11-24,1,55.0,1,55.0
4939841.7691196568,2021-01-14,2021-01-14,1,55.0,1,55.0
82865714.7704602382,2020-11-13,2020-11-13,1,55.0,5,55.0
91772028.3346381707,2020-12-03,2020-12-03,1,55.0,7,55.0
15109615.7675793031,2020-11-11,2020-11-11,1,55.0,1,55.0
3830673.4752434108,2020-12-31,2020-12-31,1,55.0,1,55.0
1853893.7153304782,2021-01-10,2021-01-10,1,55.0,1,55.0
23527570.8230617970,2020-12-07,2020-12-07,1,55.0,1,55.0
7459046621.1245343481,2021-01-20,2021-01-20,1,55.0,1,55.0
3591282.5710466002,2020-12-04,2020-12-04,1,55.0,1,55.0
68765362.4595750694,2020-11-02,2020-11-02,1,55.0,1,55.0
2077797.0559187989,2020-11-13,2020-11-13,1,55.0,1,55.0
3091736.0273308554,2021-01-14,2021-01-14,1,55.0,1,55.0
8362017.2427376623,2021-01-20,2021-01-20,1,55.0,1,55.0
20492746.1993325002,2020-11-09,2021-01-26,2,55.0,1,27.5
4939164.6753897903,2020-12-04,2020-12-04,1,55.0,1,55.0
78128827.9666182442,2020-12-03,2020-12-03,1,55.0,1,55.0
15883357.2519845193,2021-01-26,2021-01-26,1,55.0,1,55.0
23521075.3819657245,2020-11-29,2020-11-29,1,55.0,4,55.0
58027853.8459267937,2020-11-12,2020-11-12,1,55.0,1,55.0
28147494.8320259385,2021-01-08,2021-01-08,1,55.0,1,55.0
7309138.5083786544,2021-01-15,2021-01-15,1,55.0,1,55.0
624755220.7269843161,2020-11-28,2020-11-28,1,54.0,2,54.0
2197076402.0652907930,2020-12-13,2020-12-13,1,54.0,2,54.0
5098405.2766662248,2020-11-29,2020-11-29,1,54.0,3,54.0
77739287.4913869284,2020-12-17,2020-12-17,1,54.0,2,54.0
5254972.8889576683,2020-12-07,2020-12-07,1,54.0,5,54.0
51457099.0051403619,2020-11-13,2020-11-13,1,54.0,3,54.0
76741959.6484496859,2020-11-10,2020-11-10,1,54.0,3,54.0
2582329.7898470280,2020-11-10,2020-11-10,1,54.0,4,54.0
50924450.1711753621,2020-11-03,2020-11-03,1,54.0,2,54.0
7474537327.4725745851,2020-12-13,2020-12-14,5,54.0,5,10.8
9147051.8631635716,2020-12-07,2020-12-07,1,54.0,2,54.0
5266823.8519727676,2020-12-14,2020-12-14,1,54.0,4,54.0
84183079.9532567931,2021-01-16,2021-01-16,1,54.0,2,54.0
3096891.2753343567,2020-12-22,2020-12-22,1,54.0,3,54.0
51065226.4802983076,2020-11-25,2020-11-25,1,54.0,2,54.0
2673583.9030483225,2020-11-16,2020-11-16,1,54.0,4,54.0
30920625.0665076655,2020-12-11,2020-12-11,1,54.0,2,54.0
6314967.8772173324,2020-12-23,2020-12-23,1,54.0,2,54.0
65308915.4516936442,2020-12-23,2020-12-23,1,54.0,4,54.0
1686851.2728488495,2020-12-06,2020-12-06,1,54.0,5,54.0
2079337.4521460084,2021-01-22,2021-01-22,1,54.0,3,54.0
7012652.4882388524,2021-01-18,2021-01-18,1,54.0,2,54.0
29357270.0363491359,2020-12-02,2020-12-02,1,54.0,2,54.0
59081669.9567203496,2020-12-11,2020-12-11,1,54.0,3,54.0
37788537.8066322578,2020-12-09,2020-12-09,1,54.0,8,54.0
64939560.5306054013,2020-12-10,2020-12-10,1,54.0,4,54.0
3420993345.0374419686,2020-11-27,2020-11-27,1,54.0,5,54.0
22956458.6924241706,2020-12-17,2020-12-17,1,54.0,3,54.0
38018259.3746869511,2020-11-30,2020-11-30,1,54.0,2,54.0
47064948.1011270917,2020-11-12,2020-11-12,1,54.0,9,54.0
11176286.2780407108,2020-11-30,2020-11-30,1,54.0,5,54.0
23495951.1863781184,2020-12-16,2020-12-16,1,53.0,4,53.0
683326924.1333014414,2021-01-19,2021-01-19,1,53.0,3,53.0
67778099.0728510159,2020-11-28,2020-11-28,1,53.0,4,53.0
4961808.5193881345,2020-12-05,2020-12-05,1,53.0,3,53.0
4135762.6906668593,2021-01-23,2021-01-23,1,53.0,3,53.0
31506927.2250214660,2020-12-01,2020-12-01,1,53.0,3,53.0
79568568.3792342532,2020-12-23,2020-12-23,1,53.0,5,53.0
1192137.7038531452,2020-11-30,2020-11-30,1,53.0,3,53.0
27930167.3476656250,2020-11-16,2020-11-16,1,53.0,6,53.0
39055352.8212242473,2020-11-25,2020-11-25,1,53.0,12,53.0
8852686.2320515436,2021-01-16,2021-01-16,1,53.0,1,53.0
85948964.9264937278,2020-11-12,2020-11-12,1,53.0,3,53.0
63892836.9604585292,2020-11-10,2020-11-10,1,53.0,3,53.0
6150769.8134733672,2021-01-22,2021-01-22,1,53.0,3,53.0
82819933.0760343151,2020-11-17,2020-11-17,1,53.0,31,53.0
9614593.5321513152,2020-12-16,2020-12-16,2,53.0,2,26.5
4300488.4056873382,2020-12-05,2020-12-05,1,53.0,4,53.0
30994156.8515094824,2021-01-14,2021-01-14,2,53.0,2,26.5
2400077.1013225386,2020-11-25,2020-11-25,1,53.0,4,53.0
31104354.8267743011,2020-11-05,2020-11-05,1,53.0,3,53.0
2505234.3838284690,2020-12-08,2020-12-08,1,53.0,4,53.0
82950752.5128061216,2020-11-12,2020-11-12,1,53.0,3,53.0
67563681.8255702488,2020-12-11,2020-12-11,1,52.0,2,52.0
61381411.6432434571,2020-12-11,2020-12-11,1,52.0,4,52.0
7329327.2927230381,2020-12-31,2020-12-31,1,52.0,3,52.0
42813245.4172486522,2020-12-02,2020-12-02,2,52.0,3,26.0
3321484.6184098717,2020-11-08,2020-11-08,1,52.0,2,52.0
79174534.4918543276,2020-12-21,2020-12-21,1,52.0,5,52.0
47946831.1066900442,2021-01-22,2021-01-22,1,52.0,2,52.0
1767608.5293832909,2020-11-22,2020-11-22,1,52.0,4,52.0
51069406.8561317613,2021-01-14,2021-01-14,1,52.0,11,52.0
20037471.8988089326,2020-12-18,2020-12-22,2,52.0,3,26.0
76641875.4216482392,2020-11-24,2020-11-24,1,52.0,3,52.0
81785259.9303843557,2020-12-15,2020-12-15,1,52.0,4,52.0
78626176.1558518743,2020-12-11,2020-12-11,1,52.0,2,52.0
68546038.8820428933,2021-01-01,2021-01-01,1,52.0,2,52.0
25802072.3308665233,2020-11-26,2020-11-26,1,52.0,2,52.0
3285062.2387469131,2020-11-30,2020-11-30,1,52.0,4,52.0
37070311.8314414799,2020-11-03,2020-11-03,1,52.0,3,52.0
3088496.7260661913,2020-12-06,2020-12-06,1,52.0,2,52.0
7118581.9194840540,2020-12-15,2020-12-16,3,52.0,3,17.33
6901273.5838040643,2020-12-10,2020-12-10,1,52.0,4,52.0
29060616.4029163657,2020-11-21,2020-11-21,1,52.0,4,52.0
8262649.4698436698,2020-11-13,2020-11-13,1,52.0,2,52.0
46319929.6939274429,2020-11-15,2020-11-15,1,52.0,3,52.0
5820769.2126830378,2021-01-25,2021-01-25,1,52.0,3,52.0
7528889.5973963363,2020-11-28,2020-11-28,1,52.0,4,52.0
5477784.8158497690,2020-12-03,2020-12-03,1,52.0,3,52.0
6008274.6681672862,2021-01-15,2021-01-15,1,52.0,5,52.0
5968218.6334399873,2020-11-05,2020-11-05,1,52.0,4,52.0
3138351.1080068706,2021-01-14,2021-01-14,1,52.0,3,52.0
89838993.1618154078,2020-11-30,2020-11-30,1,51.0,6,51.0
13050580.3695394130,2020-11-16,2020-11-16,1,51.0,3,51.0
72935275.0852612888,2021-01-25,2021-01-25,1,51.0,4,51.0
85426868.9776141044,2020-11-30,2020-11-30,1,51.0,2,51.0
3704982.3846524796,2020-12-11,2020-12-11,1,51.0,2,51.0
4004380.6597524253,2020-12-06,2020-12-06,1,51.0,3,51.0
4894490.8422148166,2020-12-11,2020-12-11,1,51.0,3,51.0
6997954.0657135279,2020-11-08,2020-11-08,1,51.0,3,51.0
8620049.6567104406,2020-11-02,2020-11-02,1,51.0,5,51.0
4753564.8168919712,2021-01-09,2021-01-09,1,51.0,2,51.0
36361527.2151608516,2021-01-20,2021-01-20,1,51.0,3,51.0
4327054.6013924240,2020-12-04,2020-12-04,1,51.0,3,51.0
2027197.2609813465,2020-11-13,2020-11-13,1,51.0,2,51.0
6457394.0467289981,2021-01-08,2021-01-08,1,51.0,2,51.0
76231143.0024341924,2020-12-28,2020-12-28,1,51.0,9,51.0
90961633.7551221705,2020-12-05,2020-12-05,1,50.0,5,50.0
76792644.6351730563,2020-11-02,2020-11-02,1,50.0,2,50.0
54571089.7076275652,2020-12-09,2020-12-09,1,50.0,4,50.0
65521012.0988980989,2020-12-07,2020-12-07,1,50.0,4,50.0
49499670.1702984658,2020-12-18,2020-12-18,1,50.0,2,50.0
24957050.8596678061,2020-12-29,2020-12-29,1,50.0,12,50.0
58749509.5865067460,2021-01-07,2021-01-07,1,50.0,5,50.0
68013390.7379951300,2020-11-30,2020-11-30,1,50.0,3,50.0
2871704.5311484997,2020-12-08,2020-12-08,1,50.0,2,50.0
80060316.2715878645,2020-12-08,2020-12-08,1,50.0,7,50.0
6330521.7497245885,2020-12-12,2020-12-12,1,50.0,1,50.0
6677819.7333664713,2020-11-10,2020-11-10,1,50.0,3,50.0
75429761.7297824940,2020-11-30,2020-11-30,1,50.0,3,50.0
1623303.0112065155,2020-12-09,2020-12-09,1,50.0,4,50.0
61506894.3453397302,2020-12-15,2020-12-15,1,50.0,5,50.0
38790830.3670861164,2020-11-27,2020-11-27,1,50.0,1,50.0
7864799.8818189964,2020-11-12,2020-11-12,1,50.0,6,50.0
8636012.0348119478,2020-11-25,2020-11-25,1,50.0,1,50.0
61749419.0629177892,2020-12-30,2020-12-30,1,50.0,4,50.0
2490104.6468368280,2020-11-11,2020-11-11,1,50.0,2,50.0
1693400.8503839575,2020-12-12,2020-12-12,1,50.0,2,50.0
1341255108.8994929707,2020-12-13,2020-12-13,1,50.0,1,50.0
29388341.3019286848,2020-12-29,2020-12-29,1,50.0,3,50.0
80698776.0554444491,2020-12-07,2020-12-07,1,50.0,2,50.0
37018412.5979992931,2020-11-29,2020-11-29,1,50.0,3,50.0
73999112.5658314974,2020-12-11,2020-12-11,1,50.0,4,50.0
68720586.9636644846,2021-01-15,2021-01-15,1,50.0,4,50.0
14077297.6378721533,2021-01-22,2021-01-22,1,50.0,2,50.0
8990340.3316542817,2020-11-17,2020-11-17,1,50.0,3,50.0
4588111.7628998264,2021-01-17,2021-01-17,1,50.0,3,50.0
7677512.7553474604,2020-12-03,2020-12-03,1,50.0,3,50.0
4375573.9072744837,2020-11-21,2020-11-21,1,50.0,4,50.0
4926862.7997021695,2020-11-13,2020-11-13,1,50.0,2,50.0
8432100.8786702190,2020-12-08,2020-12-08,1,50.0,7,50.0
69753949.4679403396,2020-12-17,2020-12-17,1,50.0,5,50.0
30722025.0159475730,2020-12-11,2020-12-11,1,50.0,6,50.0
76104371.5906818262,2020-12-27,2020-12-27,1,50.0,2,50.0
2817763.0128046767,2020-11-03,2020-11-03,1,50.0,7,50.0
6476704.8957418858,2021-01-13,2021-01-13,1,50.0,3,50.0
2329522.9183581193,2021-01-22,2021-01-22,1,50.0,2,50.0
54901301.9847897724,2020-12-22,2020-12-22,1,50.0,11,50.0
61974636.1433743426,2020-12-05,2020-12-05,1,50.0,3,50.0
42955001.0060658686,2020-11-22,2020-11-22,1,50.0,4,50.0
5729410.5717226626,2020-12-10,2020-12-10,1,50.0,2,50.0
11903760.9274306860,2020-12-23,2020-12-23,1,49.0,3,49.0
16053296.2312130373,2020-11-14,2020-11-14,1,49.0,2,49.0
70092642.2710325772,2020-12-09,2020-12-09,2,49.0,8,24.5
5112454.3163120988,2020-12-08,2020-12-08,1,49.0,3,49.0
8870320.8143746417,2020-12-06,2020-12-06,1,49.0,2,49.0
89492716.5386437517,2020-11-02,2020-11-02,1,49.0,4,49.0
7752642.5155419861,2020-12-10,2020-12-10,2,49.0,10,24.5
82678941.3895630154,2020-11-28,2020-11-28,1,49.0,5,49.0
3399785.8423375214,2020-12-02,2020-12-02,1,49.0,4,49.0
5797412.4268230639,2020-12-08,2020-12-08,1,49.0,3,49.0
38735433.5774488720,2020-11-12,2020-11-12,1,49.0,3,49.0
1818844.4617980620,2020-12-28,2020-12-28,2,49.0,3,24.5
8350155.0813400851,2020-12-11,2020-12-11,1,49.0,4,49.0
5444414.6051845735,2020-11-24,2020-11-24,1,49.0,4,49.0
3641698.1854230862,2020-11-04,2020-11-04,1,49.0,5,49.0
77374057.3149574826,2020-11-08,2020-11-08,1,49.0,4,49.0
60417695.6146324647,2020-12-01,2020-12-01,1,49.0,5,49.0
78684961.6003391059,2020-11-26,2020-11-26,1,49.0,3,49.0
8339212.2465893300,2020-12-18,2020-12-18,3,49.0,3,16.33
24377658.7213551870,2021-01-05,2021-01-05,1,49.0,1,49.0
63170790.9743904882,2021-01-16,2021-01-16,1,49.0,2,49.0
6149712.2144079674,2020-12-10,2020-12-10,1,49.0,8,49.0
2486666.7242035302,2020-12-18,2020-12-18,1,49.0,2,49.0
29317548.3063896358,2020-12-02,2020-12-02,1,49.0,7,49.0
11576602.4389743015,2020-12-05,2020-12-05,1,48.0,2,48.0
61075770.3143256951,2020-11-23,2020-11-23,1,48.0,2,48.0
3667408.0384265629,2020-12-12,2020-12-12,1,48.0,1,48.0
7674529.8817175135,2020-11-29,2020-11-29,1,48.0,12,48.0
14233481.9298635081,2020-11-20,2020-11-20,1,48.0,2,48.0
31221912.1297666906,2020-11-10,2020-11-10,1,48.0,1,48.0
34140706.2517225165,2020-11-30,2020-11-30,1,48.0,2,48.0
4513859.3844267868,2020-11-03,2020-11-03,1,48.0,5,48.0
56136935.4839413206,2020-12-21,2020-12-21,1,48.0,1,48.0
66787047.1916957378,2021-01-10,2021-01-10,1,48.0,6,48.0
3959033.4213259227,2020-12-13,2020-12-13,1,48.0,1,48.0
65011854.4911423052,2020-12-15,2020-12-15,1,48.0,1,48.0
19216505.5989680749,2020-12-18,2020-12-18,1,48.0,1,48.0
25681781.7210716874,2020-11-17,2020-11-17,3,48.0,3,16.0
45275825.1846507675,2021-01-14,2021-01-14,1,48.0,2,48.0
6282998.3933758831,2021-01-05,2021-01-05,1,48.0,2,48.0
4894078.6166673508,2020-12-24,2020-12-24,1,48.0,8,48.0
91371020.6942239229,2020-12-13,2020-12-13,1,48.0,4,48.0
69394153.6174338025,2020-12-09,2020-12-09,1,48.0,1,48.0
6186645.2069480711,2020-12-01,2020-12-01,1,48.0,2,48.0
58792057.6572980874,2020-12-03,2020-12-03,1,48.0,7,48.0
19161188.2303605487,2020-12-04,2020-12-04,1,48.0,2,48.0
85359676.8060209084,2020-11-20,2020-11-20,1,48.0,16,48.0
4179598.1109922526,2020-12-02,2020-12-02,1,48.0,3,48.0
2582683.5950078298,2020-11-29,2020-12-01,2,48.0,2,24.0
8985775.9464037855,2020-11-16,2020-11-16,1,48.0,1,48.0
14490611.1661326108,2020-12-19,2020-12-19,1,48.0,1,48.0
5061885.3794873804,2020-12-17,2020-12-17,1,48.0,2,48.0
2387737.8440654529,2020-12-17,2021-01-06,2,48.0,13,24.0
49060364.7793501464,2020-11-25,2020-11-25,1,48.0,9,48.0
61639621.2489023125,2020-12-05,2020-12-05,1,48.0,2,48.0
18352719.3439042150,2020-12-09,2020-12-09,1,48.0,1,48.0
2145702.3346455915,2020-11-16,2020-11-16,1,48.0,2,48.0
92072022.0613567200,2020-11-18,2020-11-18,1,48.0,1,48.0
2097946.4286419562,2020-12-11,2020-12-15,2,48.0,4,24.0
85053757.5306091239,2020-12-03,2020-12-03,1,48.0,1,48.0
67391455.3832286263,2020-11-24,2020-11-24,1,48.0,2,48.0
53982377.9231749924,2020-11-13,2020-11-13,1,48.0,2,48.0
1333904.0818259561,2020-12-08,2020-12-08,1,48.0,1,48.0
60865680.9694385103,2020-11-23,2020-11-23,1,48.0,2,48.0
7766490.6944439767,2020-11-24,2020-11-24,1,48.0,4,48.0
2865598.3084956057,2020-12-11,2020-12-11,1,48.0,1,48.0
28488428.3107136582,2020-11-08,2020-11-08,1,48.0,3,48.0
41795773.8713685819,2020-12-02,2020-12-02,1,48.0,4,48.0
84593755.9527466218,2020-12-03,2020-12-03,1,48.0,1,48.0
50919330.4135170953,2020-12-01,2020-12-01,1,48.0,5,48.0
17687643.0735161866,2020-11-26,2020-11-26,1,48.0,1,48.0
3055730.7915438788,2020-12-25,2020-12-25,1,48.0,2,48.0
1951144.2472590359,2020-11-16,2020-11-16,1,48.0,3,48.0
17809571.4308076628,2020-12-04,2020-12-04,1,48.0,4,48.0
2139760586.0871468639,2020-12-09,2020-12-09,1,48.0,4,48.0
22641180.4696400962,2020-12-07,2020-12-07,1,48.0,2,48.0
4292153.8730497072,2020-11-18,2020-11-18,1,48.0,2,48.0
6849736.6701665513,2020-12-09,2020-12-09,1,48.0,2,48.0
8577405.9053970649,2020-12-18,2020-12-18,1,48.0,2,48.0
8180003.1007682591,2020-11-25,2020-11-25,1,48.0,4,48.0
2610547.9973555647,2020-12-17,2020-12-17,1,48.0,3,48.0
44550490.2728862693,2021-01-24,2021-01-24,1,48.0,1,48.0
22744686.3986317453,2020-12-11,2020-12-11,1,48.0,1,48.0
75939083.3310904019,2021-01-17,2021-01-17,1,48.0,4,48.0
39689879.5114355808,2020-12-17,2020-12-17,1,48.0,3,48.0
6257810.1983753715,2021-01-22,2021-01-22,1,48.0,1,48.0
3324563.2508640633,2020-12-12,2020-12-12,1,48.0,1,48.0
70430928.9867363250,2020-11-23,2020-11-23,1,48.0,2,48.0
12340605.6061903393,2020-12-11,2020-12-11,1,48.0,2,48.0
4999996.3974619938,2020-11-27,2020-11-27,1,48.0,2,48.0
12289461.3486454330,2020-12-22,2020-12-22,1,48.0,1,48.0
85958053.1882781212,2021-01-17,2021-01-17,1,48.0,1,48.0
84164695.9377083921,2021-01-08,2021-01-08,1,48.0,1,48.0
3486854476.9405742384,2020-11-29,2020-12-03,2,48.0,2,24.0
49338484.8834497287,2020-11-23,2020-11-23,1,48.0,2,48.0
34023241.0497666523,2020-11-17,2020-11-17,1,48.0,1,48.0
3868899112.4128253975,2020-11-21,2020-11-21,1,48.0,2,48.0
90535239.2552572855,2020-11-28,2020-11-28,1,48.0,1,48.0
58921879.4348134368,2020-11-28,2020-11-28,1,48.0,2,48.0
8760245.3046399244,2020-11-03,2020-11-03,1,48.0,1,48.0
35307335.0847619857,2020-11-19,2020-11-19,1,48.0,2,48.0
42807215.0722008548,2021-01-02,2021-01-02,1,48.0,1,48.0
28988900.6959315645,2021-01-05,2021-01-05,1,48.0,2,48.0
32591508.2385963314,2021-01-05,2021-01-05,1,48.0,1,48.0
67176331.9443014432,2020-12-15,2020-12-15,1,48.0,2,48.0
67436238.4865042697,2020-11-11,2020-11-11,1,48.0,5,48.0
30195839.9356669513,2020-11-03,2020-11-03,1,48.0,1,48.0
40765276.6033983074,2020-11-01,2020-11-01,1,48.0,5,48.0
31396025.2931510776,2020-12-27,2020-12-27,1,48.0,2,48.0
71840844.1071904695,2021-01-29,2021-01-29,1,48.0,20,48.0
25665114.3281659974,2020-12-16,2020-12-16,1,48.0,2,48.0
1697570.3789044764,2020-11-04,2020-11-04,1,48.0,1,48.0
90251492.3785965080,2020-12-11,2020-12-11,1,48.0,5,48.0
7687174.7764454759,2020-12-22,2020-12-22,1,48.0,2,48.0
4464438.3217455173,2020-12-16,2020-12-16,1,48.0,1,48.0
3741233.8033150785,2021-01-14,2021-01-14,1,48.0,1,48.0
6392078.0886402403,2020-12-05,2020-12-05,2,48.0,3,24.0
45449104.5311744269,2020-12-13,2020-12-13,1,48.0,1,48.0
1686049.6825406467,2020-11-14,2020-11-14,1,48.0,1,48.0
2912765.2807032809,2020-11-18,2020-11-18,1,48.0,4,48.0
63844773.7751809422,2020-11-25,2020-11-25,1,48.0,1,48.0
89509806.8702117822,2020-12-23,2020-12-23,1,48.0,1,48.0
83806353.9025860739,2021-01-11,2021-01-11,1,48.0,1,48.0
2172982.0369247075,2020-11-25,2020-11-25,1,47.0,3,47.0
18340222.5020006403,2020-12-16,2020-12-16,1,47.0,2,47.0
8505047.5966597243,2020-11-16,2020-11-16,1,47.0,2,47.0
5066816.6257375639,2020-11-27,2020-11-27,1,47.0,2,47.0
48021850.9548849913,2020-11-03,2020-11-03,1,47.0,7,47.0
7422585.0092141768,2020-11-05,2020-11-05,1,47.0,10,47.0
9205226.1141427861,2021-01-20,2021-01-20,1,47.0,3,47.0
6086858.9440406777,2020-11-09,2020-12-07,2,47.0,6,23.5
7487576.1318301102,2021-01-15,2021-01-15,1,47.0,3,47.0
5250455.6726775304,2021-01-21,2021-01-21,1,47.0,11,47.0
5786975.5949263265,2020-11-27,2020-11-27,1,47.0,2,47.0
18078079.4939254401,2020-12-16,2020-12-16,1,47.0,2,47.0
4277978.4789473638,2020-11-10,2020-11-10,1,47.0,2,47.0
4055873.2804573216,2020-11-16,2020-11-16,1,47.0,3,47.0
35163365.5527160856,2020-12-11,2020-12-11,1,47.0,6,47.0
6994218673.7734712667,2021-01-25,2021-01-25,1,47.0,3,47.0
61878973.9611156034,2020-12-18,2020-12-18,1,47.0,6,47.0
31743724.0178994523,2020-12-21,2020-12-21,1,47.0,7,47.0
9137360.0374794753,2020-12-03,2020-12-03,1,46.0,1,46.0
39882887.2837298291,2020-11-21,2020-11-21,1,46.0,6,46.0
1414295036.1450204305,2020-11-20,2020-11-20,1,46.0,4,46.0
8058011.9985023895,2020-12-08,2020-12-08,1,46.0,1,46.0
51848909.4124639592,2020-11-18,2020-11-18,2,46.0,4,23.0
26025218.0052930242,2020-12-12,2020-12-12,1,46.0,1,46.0
46010751.7411577969,2020-12-12,2020-12-12,1,46.0,1,46.0
71723112.6543112989,2020-11-16,2020-11-16,1,46.0,1,46.0
86272927.5845958008,2021-01-06,2021-01-06,1,46.0,1,46.0
48028670.1890447028,2020-12-01,2020-12-01,1,46.0,3,46.0
1583669.4669902363,2020-12-19,2020-12-19,1,46.0,4,46.0
52461093.3056333183,2021-01-05,2021-01-05,1,46.0,3,46.0
85710661.4085161843,2020-11-11,2020-11-11,1,46.0,1,46.0
58280513.2382319085,2021-01-12,2021-01-12,1,46.0,2,46.0
5969626.2225772933,2020-12-23,2020-12-23,1,46.0,2,46.0
3825667.2959178074,2021-01-22,2021-01-22,1,46.0,1,46.0
5633735326.3489844334,2020-11-16,2020-11-16,1,46.0,5,46.0
50750994.6140589985,2020-12-01,2020-12-01,1,46.0,2,46.0
71568861.8035326636,2021-01-04,2021-01-04,1,46.0,2,46.0
13043200.8424953018,2020-11-09,2020-11-09,1,46.0,1,46.0
2030522.5498187060,2020-12-14,2020-12-14,1,46.0,2,46.0
58435410.6859710315,2020-12-17,2020-12-17,1,46.0,6,46.0
1808232.5654454206,2020-11-12,2020-11-12,1,46.0,1,46.0
3275662.1589628371,2020-12-15,2020-12-15,1,46.0,1,46.0
61969665.2429682443,2020-12-13,2020-12-13,1,46.0,1,46.0
23674832.5390192642,2021-01-11,2021-01-11,1,46.0,3,46.0
4405280.4717578167,2020-12-07,2020-12-07,1,46.0,1,46.0
30013802.7072681119,2020-12-08,2020-12-08,1,46.0,4,46.0
28421703.8529299274,2020-11-11,2020-11-11,1,46.0,3,46.0
5094830.1357312948,2020-12-12,2020-12-12,1,46.0,6,46.0
74159065.7287032878,2020-11-12,2020-11-12,1,46.0,1,46.0
7889953.7669030217,2020-12-07,2020-12-07,1,46.0,2,46.0
73574974.1950894507,2021-01-15,2021-01-15,1,46.0,1,46.0
89569133.8053314611,2020-11-28,2020-11-28,1,46.0,1,46.0
75941642.3432570745,2020-12-16,2020-12-16,1,46.0,4,46.0
8806541.1000901339,2020-12-04,2020-12-04,1,46.0,3,46.0
74795146.0535576826,2020-11-15,2020-11-15,1,46.0,5,46.0
8388141.0328660035,2020-12-10,2020-12-10,1,46.0,1,46.0
1189643.6653312879,2020-11-09,2020-11-09,1,46.0,4,46.0
71409956.2205600982,2020-11-16,2020-11-16,1,46.0,1,46.0
88242023.2250072869,2020-11-27,2020-11-27,1,46.0,2,46.0
8675116.8463156282,2020-12-11,2020-12-11,1,46.0,1,46.0
20066086.9470097903,2020-12-02,2020-12-02,1,46.0,1,46.0
56556427.1030557935,2020-12-07,2020-12-07,1,46.0,8,46.0
22638210.8808133147,2020-12-04,2020-12-04,1,46.0,5,46.0
75838009.2952049398,2020-11-05,2020-11-05,1,46.0,1,46.0
6828468.1695203512,2020-11-01,2020-11-01,1,46.0,8,46.0
6430802.0723483089,2020-12-12,2020-12-12,1,46.0,2,46.0
1813744.3260699232,2020-12-16,2020-12-16,1,46.0,3,46.0
12421089.9072096366,2021-01-13,2021-01-13,1,46.0,1,46.0
30278968.0133142697,2020-12-11,2020-12-11,1,46.0,2,46.0
8921633.6194140757,2021-01-20,2021-01-20,1,46.0,1,46.0
89978465.7775557150,2020-12-09,2020-12-09,1,46.0,2,46.0
11349260.6217093900,2020-11-11,2020-11-11,1,45.0,3,45.0
1774459.5444377617,2020-12-12,2020-12-12,1,45.0,4,45.0
8842537.8992314512,2020-12-15,2020-12-15,1,45.0,3,45.0
27469370.6585996420,2020-12-05,2020-12-05,1,45.0,4,45.0
2143235.6844408208,2020-12-11,2020-12-11,1,45.0,2,45.0
46574324.9683380755,2021-01-04,2021-01-04,1,45.0,3,45.0
79604591.5283536350,2020-12-18,2020-12-18,1,45.0,3,45.0
3581483.4847779204,2020-12-11,2020-12-11,1,45.0,2,45.0
3090061.7241121971,2020-11-25,2020-11-25,1,45.0,3,45.0
6662036.7879446573,2020-12-08,2020-12-08,1,45.0,3,45.0
11810836.6933173715,2021-01-13,2021-01-13,1,45.0,11,45.0
90781020.1958966537,2020-11-28,2020-11-28,1,45.0,2,45.0
28182246.9243158427,2020-11-26,2020-11-26,2,45.0,2,22.5
2828935.7139974273,2020-12-12,2020-12-12,1,45.0,4,45.0
1867943.5297361314,2020-12-02,2020-12-02,1,45.0,4,45.0
1874742.4444474598,2020-11-13,2020-11-13,1,44.0,1,44.0
1826170.8537903139,2020-12-02,2020-12-02,1,44.0,1,44.0
4147940.4606723766,2021-01-20,2021-01-20,1,44.0,1,44.0
90591201.2047859379,2020-12-23,2020-12-23,2,44.0,4,22.0
34601914.8335175706,2021-01-13,2021-01-13,1,44.0,1,44.0
78168128.9514766972,2020-12-01,2020-12-01,1,44.0,4,44.0
79374863.6543228947,2020-12-17,2020-12-17,1,44.0,6,44.0
9691978.5306663074,2020-12-07,2020-12-07,1,44.0,1,44.0
17583205.9222318480,2020-11-30,2020-11-30,1,44.0,4,44.0
65189665.2053976806,2021-01-08,2021-01-08,1,44.0,1,44.0
4059472.8389313570,2021-01-24,2021-01-24,1,44.0,2,44.0
4164125.0295010106,2021-01-25,2021-01-25,1,44.0,1,44.0
6006535.5168372354,2020-11-18,2020-11-18,1,44.0,1,44.0
59440318.5200475785,2020-11-24,2020-11-27,2,44.0,2,22.0
91719952.3430360124,2021-01-11,2021-01-11,1,44.0,1,44.0
11323811.0415184273,2020-12-16,2020-12-16,4,44.0,4,11.0
4579730.2657947414,2020-11-26,2020-11-26,1,44.0,1,44.0
43265328.8204538553,2020-12-05,2020-12-05,1,44.0,3,44.0
9928812608.5027107928,2021-01-12,2021-01-12,1,44.0,2,44.0
57268788.8001579631,2020-11-23,2020-11-23,1,44.0,2,44.0
65958191.5856647416,2020-12-10,2020-12-10,1,44.0,1,44.0
3180182.4942152148,2020-12-01,2020-12-01,1,44.0,1,44.0
65547429.6412161315,2020-12-11,2020-12-11,1,44.0,3,44.0
61617905.2566081537,2021-01-12,2021-01-12,1,44.0,1,44.0
5006017.9527228232,2020-11-07,2020-11-07,1,44.0,2,44.0
1191134210.2761732740,2020-12-01,2020-12-01,1,44.0,1,44.0
12213703.3562085871,2020-12-25,2020-12-25,1,44.0,1,44.0
1019527.5799124267,2020-12-05,2020-12-05,1,44.0,7,44.0
83151527.5488193754,2020-11-03,2020-11-03,1,44.0,2,44.0
4812713.8439320005,2020-12-03,2020-12-03,1,44.0,1,44.0
63610908.4449794079,2020-12-01,2020-12-01,1,44.0,1,44.0
4463451705.5977494978,2020-12-07,2020-12-07,1,44.0,1,44.0
8680294.6850188531,2020-11-30,2020-11-30,1,44.0,1,44.0
6924220.6153390244,2020-12-17,2020-12-17,1,44.0,4,44.0
75194502.2750916231,2020-11-24,2020-11-24,1,44.0,1,44.0
6307506.0897275676,2020-11-30,2020-11-30,1,44.0,1,44.0
50211779.9982683242,2020-12-27,2020-12-27,1,44.0,1,44.0
44214862.9846951804,2020-12-03,2020-12-03,1,44.0,2,44.0
2221470.3700307056,2020-11-17,2020-11-17,1,44.0,1,44.0
21904266.4182981661,2020-12-21,2020-12-21,1,44.0,1,44.0
29538225.3205476258,2020-12-09,2020-12-09,1,44.0,1,44.0
61404200.9076938118,2020-11-25,2020-11-25,1,44.0,1,44.0
36262615.4677124061,2020-12-13,2020-12-13,1,44.0,1,44.0
12887118.8383244818,2020-12-02,2020-12-02,1,44.0,1,44.0
34228859.9056439264,2020-12-10,2020-12-10,1,44.0,1,44.0
3683946.7006356487,2020-11-09,2020-11-09,2,44.0,2,22.0
66981107.6275848264,2020-12-21,2020-12-21,1,44.0,1,44.0
6049306.9124313007,2020-12-09,2020-12-09,1,44.0,2,44.0
5706554.1170445750,2020-11-24,2020-11-24,1,44.0,8,44.0
6220202.4224592569,2020-11-22,2020-11-22,1,44.0,2,44.0
8356454.4021523791,2020-12-03,2020-12-03,1,44.0,8,44.0
7842652.9637647224,2021-01-23,2021-01-23,1,44.0,1,44.0
21879794.5087489628,2021-01-21,2021-01-21,1,44.0,1,44.0
57319697.6904534846,2021-01-08,2021-01-08,1,44.0,1,44.0
6564582209.9323018306,2020-11-10,2020-11-10,1,44.0,1,44.0
93726689.1651052227,2020-12-10,2020-12-10,1,44.0,1,44.0
23687755.9277542049,2020-11-22,2020-11-22,1,44.0,2,44.0
53032448.0456415388,2020-11-24,2020-11-24,1,44.0,3,44.0
7248576.9056418159,2020-12-11,2020-12-11,1,44.0,2,44.0
74327423.0129277030,2020-12-01,2020-12-01,1,44.0,3,44.0
56510127.1423902903,2020-11-10,2020-11-10,1,44.0,1,44.0
76343549.7157495802,2020-11-16,2020-11-16,1,44.0,1,44.0
2515516062.2539840036,2021-01-19,2021-01-19,1,44.0,1,44.0
30740141.8312828467,2020-12-03,2020-12-03,1,44.0,1,44.0
2190489673.9207557312,2021-01-25,2021-01-25,1,44.0,1,44.0
1328818.5745830395,2020-12-02,2020-12-02,1,44.0,5,44.0
73892202.6179415969,2020-11-16,2020-11-16,1,44.0,5,44.0
91380786.2722892117,2020-11-22,2020-11-22,1,44.0,8,44.0
5303282.2843811139,2020-11-23,2020-11-23,1,44.0,2,44.0
56660152.7616232682,2020-11-21,2020-11-21,1,44.0,4,44.0
5929458.1756161248,2020-11-11,2020-11-11,1,44.0,1,44.0
72819503.7856622601,2020-12-04,2020-12-04,1,44.0,2,44.0
2676882.9156197037,2020-12-08,2020-12-08,1,44.0,1,44.0
36423903.0766482765,2020-12-23,2020-12-23,1,44.0,1,44.0
1270026.4390167050,2020-12-15,2020-12-15,1,44.0,6,44.0
5983009.7119136524,2020-12-19,2020-12-19,1,44.0,1,44.0
91950347.7626682265,2020-11-15,2020-11-15,1,44.0,1,44.0
12423250.3788580907,2020-12-03,2020-12-03,1,44.0,3,44.0
77375656.7088433360,2020-12-05,2020-12-05,1,44.0,2,44.0
73762577.7816457600,2020-12-28,2020-12-28,1,44.0,7,44.0
1641119.5758861487,2021-01-20,2021-01-20,1,44.0,3,44.0
49882860.4695240275,2020-12-15,2020-12-15,1,44.0,1,44.0
82508817.4629191879,2020-11-14,2020-11-14,1,44.0,4,44.0
63443649.8962444427,2020-12-05,2020-12-05,1,44.0,1,44.0
31609110.7543527400,2020-11-16,2020-11-16,1,44.0,1,44.0
57239293.4773997184,2020-11-10,2020-11-10,1,44.0,1,44.0
40387173.9002245801,2021-01-06,2021-01-06,1,44.0,6,44.0
8162222.7054678468,2020-12-17,2020-12-17,1,44.0,1,44.0
2641867.9314009131,2020-11-17,2020-11-17,1,44.0,1,44.0
8492573.4581422273,2020-12-04,2020-12-04,1,44.0,1,44.0
56892325.6022498962,2021-01-15,2021-01-15,1,44.0,1,44.0
7982465.7564916416,2020-12-10,2020-12-10,1,44.0,1,44.0
49824355.4882118513,2021-01-15,2021-01-15,1,44.0,1,44.0
52272156.5892056410,2020-12-07,2020-12-07,1,44.0,1,44.0
2036422.8911886857,2020-12-09,2020-12-09,1,43.0,4,43.0
42803854.7029077775,2020-12-07,2020-12-07,1,43.0,4,43.0
57149023.8916404973,2020-12-13,2020-12-13,1,43.0,2,43.0
93790140.2924262721,2020-11-30,2020-11-30,2,43.0,3,21.5
48856615.5342430257,2020-12-19,2020-12-19,1,43.0,2,43.0
5161098.0325326264,2020-12-13,2020-12-13,1,43.0,3,43.0
4064498101.4865231659,2020-12-15,2020-12-15,1,43.0,3,43.0
34557263.4880284615,2020-12-18,2020-12-18,1,43.0,9,43.0
3809244.0879396963,2020-11-06,2020-11-06,1,43.0,3,43.0
51071588.2298808294,2020-12-10,2020-12-10,1,43.0,4,43.0
58350081.9428565346,2020-12-30,2020-12-30,1,43.0,2,43.0
18137603.8233478362,2020-12-15,2020-12-15,1,43.0,6,43.0
7330479.6061874897,2020-12-08,2020-12-08,1,43.0,15,43.0
55241319.9922727768,2020-12-28,2020-12-28,1,43.0,6,43.0
32766754.5230428763,2021-01-17,2021-01-17,1,43.0,3,43.0
4429575.3550051489,2020-12-04,2020-12-04,1,43.0,3,43.0
72959035.2192369480,2021-01-04,2021-01-04,1,42.0,2,42.0
43382307.1290802082,2021-01-02,2021-01-02,1,42.0,4,42.0
7639149.4871168002,2020-12-11,2020-12-11,1,42.0,5,42.0
35733270.6791628940,2020-11-30,2020-11-30,1,42.0,3,42.0
4333028.2735100637,2020-12-15,2020-12-15,1,42.0,6,42.0
5444054.0299206594,2020-11-09,2020-12-30,3,42.0,5,14.0
5901521.9913022764,2020-12-02,2020-12-02,1,42.0,3,42.0
59728514.6794390622,2021-01-13,2021-01-25,2,42.0,5,21.0
4690975558.5693388345,2020-11-23,2020-11-23,1,42.0,4,42.0
37978348.7910375072,2020-11-13,2020-11-13,1,42.0,2,42.0
6989932.8832534125,2020-12-10,2020-12-10,3,42.0,3,14.0
7895459.8128031842,2020-11-12,2020-11-12,1,42.0,4,42.0
41038964.1300925220,2020-12-13,2020-12-13,1,42.0,3,42.0
2208253.9762452467,2020-12-03,2020-12-03,1,42.0,3,42.0
60067158.9754150018,2021-01-20,2021-01-20,1,42.0,2,42.0
7162398.2588038279,2020-12-09,2020-12-09,1,42.0,3,42.0
53989140.2218322723,2020-12-18,2020-12-18,3,42.0,3,14.0
90389075.6135376881,2020-12-22,2020-12-22,1,42.0,21,42.0
5118314977.7329883809,2020-12-08,2020-12-08,1,42.0,3,42.0
8922626.4347602444,2021-01-26,2021-01-26,3,42.0,8,14.0
76370387.0865247378,2020-12-11,2020-12-11,1,42.0,10,42.0
7698474.4473587620,2020-11-15,2020-11-15,1,42.0,5,42.0
3313947.5635420971,2021-01-14,2021-01-14,1,42.0,2,42.0
3730938.2489234023,2021-01-22,2021-01-22,2,42.0,3,21.0
8321530.6782220255,2020-12-23,2020-12-23,1,42.0,3,42.0
7859149.7466935504,2020-12-10,2020-12-10,1,42.0,6,42.0
5734190.8608391738,2020-11-13,2020-11-13,1,42.0,3,42.0
8318901.1862922120,2020-12-10,2020-12-10,1,42.0,2,42.0
18096538.3296121239,2020-12-07,2020-12-07,1,42.0,3,42.0
73449982.7685842628,2020-11-30,2020-11-30,1,42.0,2,42.0
75073588.1859607099,2020-11-20,2020-11-20,1,42.0,4,42.0
9102715.4021885811,2021-01-22,2021-01-22,1,42.0,3,42.0
2875615.9187615278,2020-12-03,2020-12-03,1,42.0,3,42.0
50246082.1575523882,2021-01-12,2021-01-12,1,42.0,2,42.0
7853261.6242439603,2020-11-02,2020-11-02,1,42.0,1,42.0
56300115.7478494951,2020-11-17,2020-11-17,1,42.0,2,42.0
1835497.6148304380,2020-11-10,2020-11-10,1,42.0,2,42.0
70008639.1042474260,2020-12-23,2020-12-23,1,42.0,3,42.0
46436321.7372563843,2020-11-22,2020-11-22,1,42.0,10,42.0
84161213.3604424306,2020-12-17,2020-12-17,1,41.0,7,41.0
81182117.7869823509,2020-12-22,2020-12-22,1,41.0,2,41.0
40073340.7794376474,2020-11-24,2020-11-24,1,41.0,3,41.0
3694504.8835378753,2020-12-08,2020-12-08,1,41.0,1,41.0
8407414.5461879117,2020-12-10,2020-12-10,1,41.0,1,41.0
8474883.1476714634,2020-12-02,2020-12-02,1,41.0,3,41.0
58107154.5830605950,2021-01-14,2021-01-14,1,41.0,10,41.0
2357729.7337895516,2020-12-21,2020-12-21,1,41.0,7,41.0
1669048.7348890098,2020-12-23,2020-12-23,1,41.0,4,41.0
7985640.7516718007,2020-12-19,2020-12-19,1,41.0,2,41.0
5689198.4051733166,2020-12-15,2020-12-15,1,41.0,2,41.0
5885098.5400804724,2020-12-18,2020-12-18,1,41.0,1,41.0
80877062.4308635765,2020-12-02,2020-12-02,1,41.0,7,41.0
2181565.6699530832,2020-12-12,2020-12-12,1,41.0,3,41.0
3441773.4810399029,2020-11-28,2020-11-28,1,41.0,1,41.0
89373027.0828185288,2020-11-06,2020-11-06,1,41.0,2,41.0
2393244.2245274301,2021-01-25,2021-01-25,1,41.0,3,41.0
90269155.5005493831,2020-12-19,2020-12-19,1,41.0,2,41.0
2170882.2918427094,2020-11-30,2020-11-30,1,41.0,2,41.0
8894775.5253595050,2021-01-03,2021-01-03,1,41.0,4,41.0
8874942.8045385315,2021-01-24,2021-01-24,1,41.0,3,41.0
46714149.5501637443,2020-12-21,2020-12-21,1,41.0,1,41.0
31713671.8301075277,2020-11-17,2020-11-17,1,41.0,4,41.0
81316650.3622535312,2020-12-22,2020-12-22,1,41.0,1,41.0
77715782.6700264816,2020-12-04,2020-12-04,1,41.0,3,41.0
7203299.0738212869,2021-01-14,2021-01-14,1,41.0,2,41.0
16788587.4608873331,2020-11-11,2020-11-11,1,41.0,3,41.0
8652924.8665305102,2020-12-13,2020-12-13,1,41.0,3,41.0
1120390.5481159886,2021-01-16,2021-01-16,2,40.0,3,20.0
54702927.8397025036,2020-11-29,2020-11-29,1,40.0,4,40.0
43690856.5510407395,2020-11-19,2020-11-19,1,40.0,2,40.0
1367377.3916474675,2020-11-30,2020-11-30,1,40.0,2,40.0
16488643.1532840480,2021-01-23,2021-01-23,1,40.0,6,40.0
73857569.3456666922,2020-12-04,2020-12-04,1,40.0,2,40.0
5001471.2370722840,2020-12-09,2020-12-09,1,40.0,6,40.0
1565944.2403531565,2021-01-13,2021-01-13,1,40.0,2,40.0
25524352.7325280300,2020-12-17,2020-12-17,1,40.0,6,40.0
8280658.3204517423,2020-12-15,2020-12-15,2,40.0,2,20.0
5711591.4799331450,2020-11-29,2020-11-29,1,40.0,2,40.0
7576454.7446983097,2020-12-05,2020-12-05,1,40.0,5,40.0
43914136.5300631729,2020-12-02,2020-12-02,1,40.0,1,40.0
84066312.1151239105,2020-12-08,2020-12-08,1,40.0,1,40.0
83794944.2381968800,2020-12-12,2020-12-12,1,40.0,4,40.0
6305601780.6598938086,2020-11-30,2020-11-30,1,40.0,1,40.0
30393122.5908151107,2020-11-16,2020-11-16,1,40.0,2,40.0
5929298.3495046149,2020-12-08,2020-12-08,1,40.0,1,40.0
18954300.0486555383,2020-12-27,2020-12-27,1,40.0,2,40.0
1955996.6496160858,2021-01-14,2021-01-14,1,40.0,6,40.0
4791333.8597888638,2020-12-15,2020-12-15,1,40.0,2,40.0
12425101.9463695702,2020-11-11,2020-11-11,1,40.0,2,40.0
18574166.5670947032,2020-12-24,2020-12-24,1,40.0,2,40.0
4955405.5625257698,2020-12-11,2020-12-11,1,40.0,4,40.0
93878179.6755259380,2020-11-25,2020-11-25,1,40.0,5,40.0
16313863.6263510052,2020-11-11,2020-11-11,1,40.0,3,40.0
2276343.3518223441,2020-11-03,2020-11-03,1,40.0,3,40.0
4036650209.1454214037,2020-11-29,2020-11-29,1,40.0,1,40.0
14702008.5250023594,2020-11-14,2020-11-14,1,40.0,3,40.0
14288415.9138667516,2020-12-03,2020-12-03,1,40.0,5,40.0
2084240.0091353365,2020-11-11,2020-11-11,1,40.0,2,40.0
2798155.8136359339,2020-11-03,2020-11-04,4,40.0,12,10.0
3092972535.1252782928,2021-01-09,2021-01-09,1,40.0,2,40.0
43084392.6309586985,2020-12-21,2020-12-21,1,40.0,3,40.0
3444436.2585949378,2020-11-09,2020-11-09,1,40.0,2,40.0
49434402.8306205049,2020-12-18,2020-12-18,1,40.0,1,40.0
86522586.9268325271,2020-12-22,2020-12-22,1,40.0,2,40.0
37274779.4842178220,2020-12-14,2020-12-14,1,40.0,5,40.0
8771490.8337193983,2021-01-22,2021-01-22,1,40.0,4,40.0
6914129.2054037797,2021-01-20,2021-01-20,1,40.0,1,40.0
78412371.3141968463,2020-12-09,2020-12-09,1,40.0,2,40.0
55823440.4699535570,2020-12-11,2020-12-11,1,40.0,5,40.0
30860744.4931842361,2020-11-27,2020-11-27,1,40.0,2,40.0
2128096.6237048343,2020-11-30,2020-11-30,1,40.0,2,40.0
83601101.4910877022,2020-12-03,2020-12-03,1,40.0,1,40.0
17321543.6104652631,2020-11-23,2020-11-23,2,40.0,4,20.0
7013729.3490992264,2020-11-19,2020-11-19,1,40.0,2,40.0
4031468.2204724824,2020-11-13,2020-11-13,1,40.0,2,40.0
22958599.0567519404,2020-11-24,2020-11-24,1,40.0,2,40.0
90921943.8748639559,2020-12-11,2020-12-11,1,40.0,2,40.0
81766978.2033601689,2020-12-31,2020-12-31,1,40.0,2,40.0
91330895.7800746773,2020-11-19,2020-11-19,1,40.0,2,40.0
1050089385.0196776808,2020-12-08,2020-12-08,1,40.0,4,40.0
8687815.2855089496,2020-12-19,2020-12-19,1,40.0,4,40.0
25641126.8268292253,2020-12-10,2020-12-10,1,40.0,4,40.0
52556132.9245922809,2020-11-28,2020-11-28,1,40.0,1,40.0
60189896.9468765048,2020-11-25,2020-11-25,1,40.0,3,40.0
1765130.1889939374,2020-12-11,2020-12-11,1,40.0,5,40.0
5277361.6865370550,2020-12-03,2020-12-03,1,40.0,3,40.0
4655775.4039345493,2020-12-31,2020-12-31,1,40.0,1,40.0
3462101.1320245746,2020-12-20,2020-12-20,1,40.0,2,40.0
2439157.8112239984,2020-12-01,2020-12-01,1,40.0,7,40.0
2783014.3813479767,2021-01-01,2021-01-01,1,39.0,6,39.0
77148477.7275137664,2020-11-24,2020-11-24,1,39.0,2,39.0
22342515.7470426533,2020-11-30,2020-11-30,1,39.0,2,39.0
69193300.1901961273,2020-12-30,2020-12-30,1,39.0,7,39.0
75897668.9066103152,2020-12-10,2020-12-10,1,39.0,2,39.0
85593304.3386213690,2020-12-02,2020-12-02,1,39.0,3,39.0
50451938.7860703031,2020-11-06,2020-11-06,1,39.0,14,39.0
4496984646.3938240261,2020-12-10,2020-12-10,1,39.0,4,39.0
23842696.8053963370,2020-12-11,2020-12-11,1,39.0,3,39.0
71887902.6884854131,2020-12-24,2020-12-24,1,39.0,3,39.0
57481596.7184472027,2020-12-23,2020-12-23,1,39.0,4,39.0
5811878.7074429725,2020-11-17,2020-11-17,1,39.0,2,39.0
7466332512.8576653585,2020-12-06,2020-12-06,1,39.0,5,39.0
87035146.0717707336,2020-12-26,2020-12-26,1,39.0,9,39.0
7311472.7624692736,2020-12-22,2020-12-22,1,39.0,2,39.0
13920649.2254386208,2020-12-05,2020-12-05,1,39.0,2,39.0
73925756.8578616626,2020-12-17,2020-12-17,1,39.0,2,39.0
6990021.3233589029,2021-01-22,2021-01-22,1,39.0,5,39.0
5079875.2814181516,2020-12-20,2020-12-20,1,39.0,3,39.0
5589070.6656952788,2020-12-15,2020-12-15,1,39.0,5,39.0
31450884.9129417592,2020-12-16,2021-01-07,2,39.0,2,19.5
59000875.5738627368,2020-12-11,2020-12-11,1,39.0,2,39.0
2429571.6695145065,2021-01-10,2021-01-10,1,39.0,11,39.0
80017305.4643797115,2020-12-19,2020-12-19,1,39.0,5,39.0
2304744.2118775235,2020-12-23,2020-12-23,1,39.0,17,39.0
57752699.8373496520,2020-12-06,2020-12-06,1,39.0,6,39.0
4769532.2724009973,2020-12-10,2020-12-17,2,39.0,3,19.5
45336872.3281971341,2020-11-10,2020-11-10,1,39.0,2,39.0
2964823.8798022419,2020-12-03,2020-12-03,1,39.0,5,39.0
1647483481.5867462181,2020-12-01,2020-12-01,1,38.0,2,38.0
84648306.3969263834,2020-12-12,2020-12-12,1,38.0,2,38.0
26486289.7514037038,2020-12-22,2020-12-22,1,38.0,3,38.0
5769896.1495177245,2020-12-09,2020-12-09,1,38.0,1,38.0
26047087.5754406645,2020-12-11,2020-12-11,1,38.0,1,38.0
19653803.6448556150,2020-12-04,2020-12-04,1,38.0,3,38.0
7668287.6909784405,2020-11-16,2020-11-16,1,38.0,2,38.0
1859363.5805703761,2020-12-19,2020-12-19,1,38.0,3,38.0
1789139.4506132619,2020-11-12,2020-11-12,1,38.0,2,38.0
60336405.2238717338,2020-11-12,2020-11-12,1,38.0,2,38.0
66913143.5379490723,2020-12-04,2020-12-04,1,38.0,1,38.0
62972640.1817910937,2020-12-23,2020-12-23,2,38.0,3,19.0
8915586.3181420442,2020-11-12,2020-11-12,1,38.0,2,38.0
2280241.7950036696,2021-01-26,2021-01-26,1,38.0,1,38.0
120213587.8623308554,2020-12-09,2020-12-09,1,38.0,3,38.0
29303146.9109541223,2020-11-10,2020-11-10,1,38.0,1,38.0
85684311.8708196319,2020-11-25,2020-11-25,2,38.0,2,19.0
1996506.7082614036,2020-11-11,2020-12-10,2,38.0,2,19.0
21503964.5896255118,2020-11-02,2020-11-02,1,38.0,3,38.0
50892470.6625582395,2020-12-12,2020-12-12,1,38.0,3,38.0
52907871.5751917450,2020-12-18,2020-12-18,1,38.0,6,38.0
5448801.1228248851,2020-11-02,2020-11-02,1,38.0,1,38.0
2232981444.3331731762,2020-12-17,2020-12-17,1,38.0,5,38.0
72570282.3030113750,2020-11-12,2020-11-12,1,38.0,2,38.0
2509185.9771834952,2020-11-13,2020-11-13,1,38.0,2,38.0
61771796.6934450948,2021-01-26,2021-01-26,1,38.0,1,38.0
2794254.3713155121,2020-12-06,2020-12-06,1,38.0,4,38.0
40733555.3406191674,2020-12-07,2020-12-07,1,38.0,2,38.0
2847475.1550624346,2020-12-09,2020-12-09,1,38.0,3,38.0
7164249.0567395189,2020-12-15,2020-12-15,1,38.0,2,38.0
8112206.8437064088,2020-12-10,2020-12-10,1,38.0,3,38.0
16239791.9542908331,2021-01-23,2021-01-23,1,38.0,1,38.0
4638232.0352195209,2020-11-17,2020-11-17,1,38.0,1,38.0
21534599.7083446640,2020-11-13,2020-11-13,1,38.0,2,38.0
8441965.3425764752,2020-12-04,2020-12-04,1,38.0,3,38.0
27837683.7442937238,2021-01-18,2021-01-18,1,38.0,1,38.0
52442763.3102020102,2021-01-11,2021-01-11,1,38.0,2,38.0
80431044.0006326452,2020-11-24,2020-11-24,1,38.0,1,38.0
43046171.3957940556,2020-11-17,2020-11-17,1,38.0,3,38.0
80133734.9366717619,2021-01-18,2021-01-18,1,38.0,1,38.0
8633997.7206561612,2020-12-14,2020-12-14,1,38.0,1,38.0
3637854995.9255566540,2020-12-18,2020-12-18,1,38.0,9,38.0
7022586.5745594604,2020-12-15,2020-12-15,1,38.0,1,38.0
30097569.9708723596,2020-11-27,2020-11-27,1,38.0,2,38.0
7185915.0641916024,2020-12-10,2020-12-10,1,38.0,2,38.0
20631378.7981176516,2021-01-06,2021-01-06,1,38.0,4,38.0
2502435.3548835289,2021-01-08,2021-01-08,1,38.0,2,38.0
71159593.7865196265,2020-12-04,2020-12-04,1,38.0,2,38.0
22959829.9343465806,2020-11-16,2020-11-16,1,38.0,2,38.0
7990665.4091043591,2020-12-07,2020-12-07,1,38.0,1,38.0
7569765.1116906393,2020-12-13,2020-12-13,1,38.0,3,38.0
5455639.8114457551,2020-11-11,2020-11-11,1,38.0,2,38.0
39866692.5262622897,2020-12-11,2020-12-11,1,38.0,2,38.0
8067602.4980547079,2020-11-27,2020-11-27,1,38.0,1,38.0
75867292.5873201259,2021-01-22,2021-01-22,1,38.0,1,38.0
7158462.4817271255,2020-11-20,2020-11-20,1,38.0,6,38.0
69351842.3886353708,2021-01-22,2021-01-22,1,38.0,4,38.0
27918283.4779947292,2020-12-15,2020-12-15,1,38.0,4,38.0
92062493.3833471412,2020-12-11,2020-12-11,1,38.0,1,38.0
7041469.0077640784,2020-11-13,2020-11-13,1,38.0,2,38.0
69458824.5462655089,2020-12-09,2020-12-09,1,37.0,10,37.0
2801511.1336263011,2020-12-16,2020-12-16,1,37.0,2,37.0
2408620.3153034500,2020-12-11,2020-12-11,1,37.0,2,37.0
6084015318.6542135581,2020-12-11,2020-12-11,1,37.0,1,37.0
3090773.1638763101,2020-12-30,2020-12-30,1,37.0,1,37.0
1457551.9813423359,2020-11-16,2020-11-16,1,37.0,14,37.0
53644656.5102958866,2020-12-28,2020-12-28,1,37.0,1,37.0
83598464.4899967855,2021-01-11,2021-01-11,1,37.0,2,37.0
4710634349.7097972137,2020-11-07,2020-11-07,1,37.0,4,37.0
42405038.8323381302,2020-11-26,2020-11-26,1,37.0,1,37.0
64111634.0525729328,2020-11-04,2020-11-04,1,37.0,2,37.0
49445326.2132641450,2020-12-01,2020-12-01,1,37.0,2,37.0
53850146.2835026123,2020-11-09,2020-11-09,1,37.0,1,37.0
4327707.3138884195,2020-11-30,2020-11-30,1,37.0,3,37.0
19388075.6152731843,2020-11-03,2020-11-03,1,37.0,1,37.0
2935483.4809296529,2020-12-25,2020-12-25,1,37.0,1,37.0
1889615.7425182611,2020-12-02,2020-12-02,1,37.0,3,37.0
2704631.3551672775,2020-12-17,2020-12-17,1,37.0,2,37.0
9047104.0893275400,2020-11-30,2020-11-30,1,37.0,2,37.0
28887365.2174306769,2020-12-10,2020-12-10,1,37.0,5,37.0
39652472.1809478185,2021-01-12,2021-01-12,1,37.0,1,37.0
7462913.7605411929,2020-12-16,2020-12-16,1,37.0,1,37.0
34360015.5039813275,2020-11-17,2020-11-17,1,37.0,6,37.0
3112347.1388526373,2020-12-10,2020-12-10,1,37.0,2,37.0
9038823.9978976976,2020-11-29,2020-11-29,1,37.0,2,37.0
64698662.8088634426,2021-01-11,2021-01-11,1,37.0,2,37.0
1872347.3287993263,2020-11-27,2020-11-27,1,37.0,3,37.0
41668828.3934590990,2020-12-20,2020-12-20,1,37.0,1,37.0
9164025.9398913430,2021-01-12,2021-01-12,1,37.0,2,37.0
5417909.9483509940,2020-11-06,2020-11-06,1,37.0,3,37.0
90945046.7404900107,2021-01-07,2021-01-07,1,37.0,1,37.0
88898171.1110922469,2020-12-09,2020-12-09,1,37.0,3,37.0
79944589.6932026672,2021-01-06,2021-01-06,1,37.0,4,37.0
56420768.6036947271,2021-01-10,2021-01-10,1,37.0,1,37.0
59427000.7305194715,2020-12-17,2020-12-17,1,37.0,1,37.0
35522671.6536677001,2020-11-26,2020-11-26,1,36.0,4,36.0
2213203.3846940178,2020-12-13,2020-12-13,1,36.0,4,36.0
2288007.4516543064,2021-01-14,2021-01-14,3,36.0,3,12.0
49705018.4806836426,2020-12-11,2020-12-11,1,36.0,2,36.0
3958978.4221705170,2020-12-10,2020-12-10,1,36.0,1,36.0
7742237.5794101746,2021-01-07,2021-01-07,2,36.0,2,18.0
20777248.7133453876,2020-12-07,2020-12-07,1,36.0,3,36.0
24406398.9461098819,2020-11-24,2020-11-24,1,36.0,4,36.0
40569893.9835575904,2021-01-02,2021-01-02,1,36.0,4,36.0
1720255.4510701421,2020-12-31,2020-12-31,1,36.0,2,36.0
3217435.2746747741,2020-12-12,2020-12-12,1,36.0,5,36.0
3438183.9839922441,2020-11-22,2020-11-22,1,36.0,4,36.0
13917611.4949733025,2020-11-25,2020-11-25,1,36.0,2,36.0
4057844.0148876553,2020-12-01,2020-12-01,1,36.0,5,36.0
70133129.7678205313,2021-01-20,2021-01-20,1,36.0,5,36.0
7450806.9278139932,2020-12-23,2020-12-23,1,36.0,4,36.0
80093970.4310926841,2021-01-20,2021-01-20,1,36.0,4,36.0
91179760.4838146379,2020-12-24,2020-12-24,1,36.0,3,36.0
81842590.3577131570,2020-11-22,2020-11-22,1,36.0,2,36.0
6426167445.5684515638,2020-12-02,2020-12-02,1,36.0,2,36.0
8726025.7712289207,2020-12-22,2020-12-22,1,36.0,2,36.0
79475746.1929628694,2020-12-14,2020-12-14,1,36.0,2,36.0
85312914.8686882545,2020-12-09,2020-12-09,1,36.0,13,36.0
35052066.2813337110,2020-11-03,2020-11-03,1,36.0,5,36.0
26632304.5067429285,2020-12-12,2020-12-12,1,36.0,5,36.0
1157377.2578859967,2021-01-12,2021-01-12,1,36.0,1,36.0
8343874.6047306465,2020-12-03,2020-12-03,1,36.0,3,36.0
8602528.7218802080,2021-01-20,2021-01-20,1,35.0,2,35.0
45644670.7272314798,2020-12-10,2020-12-10,1,35.0,3,35.0
29578272.7881196478,2020-11-17,2020-11-17,1,35.0,2,35.0
7576757.5213068778,2020-11-03,2020-11-03,1,35.0,2,35.0
5395593.7397446796,2021-01-25,2021-01-25,1,35.0,5,35.0
5502112.0184769802,2020-12-01,2020-12-01,1,35.0,3,35.0
3261850.2252714982,2020-11-29,2020-11-29,1,35.0,2,35.0
15127451.7298076642,2020-11-24,2020-11-24,1,35.0,6,35.0
24390067.7154104169,2021-01-06,2021-01-06,1,35.0,2,35.0
4115631247.9768785574,2021-01-11,2021-01-11,1,35.0,3,35.0
6949486.3374084385,2020-12-12,2020-12-12,1,35.0,4,35.0
55542931.7084954193,2020-12-30,2020-12-30,1,35.0,1,35.0
2151615.4640508633,2020-12-04,2020-12-04,2,35.0,2,17.5
39631980.9180761075,2020-12-07,2020-12-07,1,35.0,2,35.0
5573347986.2620254802,2020-12-26,2020-12-26,1,35.0,3,35.0
75931866.5607018779,2020-12-03,2020-12-03,1,35.0,2,35.0
42140555.7829005979,2020-12-23,2020-12-23,1,35.0,2,35.0
52110755.0377972217,2020-11-03,2020-11-03,1,35.0,2,35.0
16678335.8235637155,2021-01-13,2021-01-13,1,35.0,2,35.0
45479032.7200143782,2021-01-13,2021-01-13,1,35.0,3,35.0
5242740.3027110338,2020-11-13,2020-11-13,1,35.0,13,35.0
4911450789.3427208665,2020-12-03,2020-12-03,1,35.0,3,35.0
65476879.2983809506,2020-12-22,2020-12-22,1,35.0,4,35.0
86241653.8282757080,2020-12-12,2020-12-12,2,35.0,2,17.5
3491055.9457511166,2021-01-08,2021-01-08,1,35.0,2,35.0
44279480.2313790874,2020-12-28,2020-12-28,1,35.0,2,35.0
50471872.4769330494,2020-12-10,2020-12-10,1,35.0,2,35.0
68610454.7061615878,2020-12-14,2020-12-14,1,35.0,2,35.0
3002649.2698625312,2020-11-02,2020-11-02,1,35.0,2,35.0
78574452.5051085059,2020-11-13,2020-11-13,1,35.0,2,35.0
8078316166.4051385989,2020-12-07,2020-12-07,1,35.0,5,35.0
2588693.4592272163,2021-01-25,2021-01-25,1,35.0,2,35.0
86162767.5474345521,2021-01-18,2021-01-18,1,34.0,2,34.0
5155902.6841929449,2020-12-02,2020-12-02,1,34.0,2,34.0
65189693.2787755996,2020-12-07,2020-12-07,1,34.0,8,34.0
3346211.7809045271,2020-11-27,2020-11-27,1,34.0,2,34.0
42349620.0357124530,2021-01-20,2021-01-20,1,34.0,2,34.0
45350993.6558584379,2020-11-17,2020-11-17,1,34.0,3,34.0
71814363.9032514415,2020-11-10,2020-11-10,1,34.0,2,34.0
558932409.3066394174,2020-11-09,2020-11-09,1,34.0,5,34.0
5849526.6650530231,2020-12-17,2020-12-17,1,34.0,2,34.0
43794605.3591233670,2020-11-11,2020-11-11,1,34.0,6,34.0
7017656.9728222666,2020-12-15,2020-12-15,1,34.0,8,34.0
8692054.6479171047,2020-11-25,2020-11-25,1,34.0,3,34.0
66095345.4369472046,2020-12-09,2020-12-09,1,34.0,2,34.0
48838373.9495436619,2020-12-14,2020-12-14,1,34.0,2,34.0
15817556.8554808751,2021-01-01,2021-01-01,1,34.0,3,34.0
88839607.3955437015,2020-12-21,2020-12-21,1,34.0,3,34.0
60250165.3437538758,2020-11-30,2020-11-30,1,34.0,4,34.0
5906845.8126343817,2020-11-02,2020-11-02,1,34.0,2,34.0
6715131.8917852498,2020-12-05,2020-12-05,1,34.0,3,34.0
7863708.5056381393,2020-12-17,2020-12-17,1,34.0,5,34.0
49456942.0436829148,2021-01-03,2021-01-03,1,34.0,4,34.0
36638696.4029295753,2020-11-01,2020-11-01,1,34.0,2,34.0
91752450.9472635719,2020-12-03,2020-12-03,1,34.0,2,34.0
2237956.5050268893,2020-12-05,2020-12-05,1,34.0,2,34.0
57516363.5758729134,2020-11-14,2020-11-14,1,34.0,6,34.0
4977232.4990575638,2020-11-20,2020-11-20,1,34.0,2,34.0
83481361.1817813904,2020-11-26,2020-11-26,1,34.0,2,34.0
1353275.7298249705,2020-12-10,2020-12-10,1,34.0,2,34.0
6405125.4983649700,2020-11-30,2020-11-30,1,34.0,7,34.0
65032571.6974969637,2020-11-13,2020-11-13,1,34.0,3,34.0
4397356.7184930279,2021-01-20,2021-01-20,1,34.0,4,34.0
13951556.2585301904,2020-12-07,2020-12-07,1,34.0,4,34.0
71796570.8728856988,2021-01-11,2021-01-11,1,34.0,6,34.0
80041864.0490284375,2020-11-16,2020-11-16,1,34.0,5,34.0
47731614.5840289942,2020-12-09,2020-12-13,3,34.0,5,11.33
8179718.6284010746,2020-11-10,2020-11-10,1,34.0,2,34.0
2073739361.5459460949,2020-11-29,2020-11-29,1,34.0,3,34.0
5117578.4667811771,2020-12-20,2020-12-20,1,34.0,6,34.0
87989440.4518895303,2020-11-27,2020-11-27,1,34.0,9,34.0
41405209.5902280874,2020-11-09,2020-11-09,1,34.0,2,34.0
80838445.3375614761,2020-12-02,2020-12-02,1,34.0,2,34.0
1405881.0137309906,2020-11-24,2020-11-24,1,34.0,4,34.0
43988972.6002488363,2021-01-23,2021-01-23,1,34.0,8,34.0
76560981.1459804484,2020-11-04,2020-11-04,1,34.0,3,34.0
53271954.4292633938,2020-11-17,2020-11-17,1,33.0,3,33.0
44454431.4398109406,2020-11-10,2020-11-10,1,33.0,2,33.0
5178872.1333704262,2021-01-19,2021-01-19,1,33.0,10,33.0
81748942.8201234491,2020-11-30,2020-11-30,1,33.0,2,33.0
66638267.7996007059,2020-12-08,2020-12-08,1,33.0,2,33.0
3992214.0329365184,2020-12-17,2020-12-17,1,33.0,2,33.0
37723285.2538097035,2020-11-05,2020-11-05,1,33.0,2,33.0
85629786.1702442200,2021-01-19,2021-01-19,1,33.0,2,33.0
2933565.9541430158,2021-01-08,2021-01-08,1,33.0,2,33.0
8871391487.5124506086,2020-12-01,2020-12-01,1,33.0,2,33.0
42345555.1307000410,2020-12-27,2020-12-27,1,33.0,3,33.0
8462310.9138030395,2020-11-17,2020-11-17,1,33.0,2,33.0
4579624.7993134890,2020-11-26,2020-11-26,1,33.0,2,33.0
3291867.8966101730,2020-12-13,2020-12-13,1,33.0,4,33.0
53447288.4859183003,2021-01-29,2021-01-29,1,33.0,2,33.0
56647918.6347686533,2020-12-02,2020-12-02,1,33.0,2,33.0
4205366.2704658968,2021-01-23,2021-01-23,1,33.0,2,33.0
4987157.9547809982,2020-12-10,2020-12-10,1,33.0,2,33.0
80438623.0484704119,2020-12-01,2020-12-01,1,33.0,9,33.0
71948032.1971599305,2020-12-08,2020-12-08,1,33.0,2,33.0
5846466.3241896799,2020-11-26,2020-11-26,1,33.0,2,33.0
4645081.6751269573,2020-12-17,2020-12-17,1,33.0,2,33.0
61476220.5706681203,2020-12-29,2020-12-29,1,33.0,2,33.0
61586940.0980633671,2020-11-07,2020-11-07,1,32.0,4,32.0
94023659.9782845125,2021-01-20,2021-01-20,1,32.0,2,32.0
40980474.3890528687,2020-12-25,2020-12-25,1,32.0,1,32.0
6363623135.4270133281,2021-01-04,2021-01-04,1,32.0,2,32.0
68296803.9320657032,2020-11-26,2020-11-26,1,32.0,2,32.0
6524949.7576513689,2020-12-10,2020-12-10,1,32.0,2,32.0
1890178.6076718573,2020-12-11,2020-12-11,1,32.0,1,32.0
27672883.7917801712,2020-12-14,2020-12-14,1,32.0,4,32.0
6088376299.3777008465,2021-01-22,2021-01-22,1,32.0,1,32.0
4202156.8314255445,2020-11-18,2020-11-18,1,32.0,2,32.0
38686065.3125953359,2020-11-05,2020-11-05,1,32.0,1,32.0
54090297.3676008653,2020-11-25,2020-11-25,1,32.0,1,32.0
12381181.9705732116,2020-11-26,2020-11-26,1,32.0,2,32.0
7483147.7826019574,2020-12-04,2020-12-04,1,32.0,1,32.0
2757842.7557872041,2020-11-11,2020-11-11,1,32.0,3,32.0
22646362.7872198387,2021-01-14,2021-01-14,1,32.0,1,32.0
5550109.1370911778,2020-12-03,2020-12-31,2,32.0,3,16.0
1541006.6168463275,2021-01-11,2021-01-11,1,32.0,1,32.0
5821699.6269671490,2020-12-15,2020-12-15,1,32.0,1,32.0
55259187.0625874272,2020-11-25,2020-11-25,1,32.0,1,32.0
26602266.2623964235,2020-11-22,2020-11-22,1,32.0,2,32.0
66893006.1942990677,2020-12-10,2020-12-10,1,32.0,1,32.0
8893175.3937909394,2020-11-29,2020-12-13,2,32.0,2,16.0
65073430.5364943640,2021-01-17,2021-01-17,1,32.0,2,32.0
30804246.1427824751,2020-11-06,2020-11-06,1,32.0,1,32.0
39845693.8115714569,2021-01-14,2021-01-14,1,32.0,3,32.0
40787617.1411349210,2020-12-01,2020-12-01,1,32.0,1,32.0
55674966.6766215495,2020-11-06,2020-11-06,1,32.0,2,32.0
67005637.6761486039,2020-11-15,2020-11-15,1,32.0,1,32.0
80818976.3243168408,2021-01-25,2021-01-25,1,32.0,1,32.0
12140400.0943472141,2020-11-23,2020-11-23,1,32.0,4,32.0
4977139.8804366424,2020-12-25,2020-12-25,1,32.0,1,32.0
71766434.3843515045,2020-12-16,2020-12-16,1,32.0,2,32.0
31903614.8832440737,2020-12-17,2020-12-17,1,32.0,1,32.0
2245395.1305178140,2021-01-08,2021-01-08,1,32.0,3,32.0
91748843.1982893872,2020-11-11,2020-11-11,1,32.0,2,32.0
7794073.9916956251,2020-12-18,2020-12-18,2,32.0,2,16.0
5278589.0330428155,2020-12-10,2020-12-10,1,32.0,1,32.0
3396468.5841648021,2020-12-11,2020-12-11,1,32.0,2,32.0
63900303.6682627760,2020-12-13,2020-12-13,1,32.0,3,32.0
4681297.3857867397,2021-01-22,2021-01-22,1,32.0,1,32.0
8947475.8090315077,2020-12-17,2020-12-17,2,32.0,2,16.0
7295755.2837047873,2020-12-18,2020-12-18,1,32.0,2,32.0
27046025.0676756993,2020-12-07,2020-12-07,1,32.0,2,32.0
15689194.2101305412,2020-12-16,2020-12-16,1,32.0,2,32.0
4050591.4743585452,2020-11-03,2020-11-03,1,32.0,1,32.0
2233163.7526757311,2020-12-17,2020-12-17,1,32.0,1,32.0
46589160.1790293902,2020-11-17,2020-11-17,1,32.0,1,32.0
3051995.7094224224,2020-11-02,2020-11-02,1,32.0,2,32.0
1655781.0131717336,2020-12-24,2020-12-24,1,32.0,1,32.0
83959468.9388485041,2020-11-24,2020-11-24,1,32.0,1,32.0
8174650.3231261607,2020-12-16,2020-12-16,2,32.0,2,16.0
89390038.6968892645,2020-12-26,2020-12-26,1,32.0,2,32.0
11303624.3432609630,2020-11-25,2020-11-25,1,32.0,3,32.0
20295806.6156999491,2020-11-25,2020-11-25,1,32.0,1,32.0
6928131.1957452634,2020-11-11,2020-11-11,1,32.0,1,32.0
42807268.6210242414,2020-11-12,2020-11-12,1,32.0,1,32.0
4048182.4740766081,2020-12-19,2020-12-19,1,32.0,1,32.0
13106788.7513677357,2020-12-23,2020-12-23,1,32.0,3,32.0
3174709.0579247943,2020-11-06,2020-11-06,1,32.0,2,32.0
5298181.7137406370,2020-12-02,2020-12-02,1,32.0,2,32.0
1962634.4928996507,2021-01-22,2021-01-22,1,32.0,1,32.0
2807952.5889704218,2020-12-12,2020-12-12,1,32.0,1,32.0
57179457.0983496273,2020-11-06,2020-11-06,1,32.0,2,32.0
2475908.3733656464,2020-11-11,2020-11-11,1,32.0,1,32.0
61771221.3119798942,2020-12-03,2020-12-03,1,32.0,3,32.0
28394349.8695847806,2020-12-08,2020-12-08,1,32.0,6,32.0
57746381.0758593356,2021-01-22,2021-01-22,1,32.0,3,32.0
3641209645.6574548402,2020-11-11,2020-11-11,1,32.0,2,32.0
70761379.0400304865,2020-11-01,2020-11-01,1,32.0,1,32.0
56113189.2026367185,2020-12-09,2020-12-09,1,32.0,1,32.0
8626279.3419238923,2021-01-25,2021-01-25,1,32.0,3,32.0
3047630756.3515974247,2020-11-03,2020-11-03,1,32.0,2,32.0
5989927.0424246858,2021-01-22,2021-01-22,1,32.0,1,32.0
83567287.4802807332,2020-12-16,2020-12-16,1,32.0,1,32.0
23399303.4851199483,2020-11-25,2020-11-25,1,32.0,1,32.0
43441783.1252215019,2020-12-15,2020-12-15,1,32.0,2,32.0
3776548.7070412643,2020-12-14,2020-12-14,1,32.0,4,32.0
8879691.4852058514,2020-11-22,2020-11-22,1,32.0,2,32.0
26275601.6544751761,2021-01-19,2021-01-19,1,32.0,5,32.0
5924938.3864146348,2020-12-03,2020-12-03,1,32.0,1,32.0
8327781.0896379000,2021-01-15,2021-01-15,1,32.0,1,32.0
18663613.9337289544,2020-11-13,2020-11-13,1,32.0,1,32.0
46914181.4204010860,2021-01-18,2021-01-18,1,32.0,2,32.0
21732519.8875634255,2020-11-10,2020-11-10,1,32.0,1,32.0
2265878.0595059594,2021-01-07,2021-01-07,1,31.0,4,31.0
8163514.4352723536,2020-11-30,2020-11-30,1,31.0,2,31.0
55031053.4391048781,2020-12-05,2020-12-05,1,31.0,7,31.0
23114430.1190664770,2020-12-02,2020-12-02,1,31.0,2,31.0
31890386.5353531582,2020-12-22,2020-12-22,1,31.0,4,31.0
68234443.7976288983,2020-12-02,2020-12-02,2,31.0,3,15.5
86936215.6636494751,2020-11-28,2020-11-28,1,31.0,3,31.0
6685051.1345603732,2021-01-25,2021-01-25,1,31.0,3,31.0
55808853.8197957326,2020-12-08,2020-12-08,1,31.0,2,31.0
85358226.8287152806,2020-11-16,2020-11-16,1,31.0,2,31.0
7054156.8209924713,2020-12-05,2020-12-28,2,31.0,2,15.5
91174078.7673253115,2021-01-11,2021-01-11,1,31.0,3,31.0
2963858.6846171680,2021-01-20,2021-01-20,1,31.0,3,31.0
3939504.5647002823,2020-12-11,2020-12-11,1,31.0,4,31.0
5913077.9676627457,2021-01-14,2021-01-14,1,31.0,8,31.0
5369092.7248176831,2020-11-10,2020-11-10,1,31.0,2,31.0
39900664.0026836871,2020-12-23,2020-12-23,1,30.0,1,30.0
7209172.2039208722,2021-01-14,2021-01-14,1,30.0,5,30.0
27150223.0167628853,2020-12-21,2020-12-21,3,30.0,3,10.0
2963253.5021141584,2020-12-14,2020-12-14,1,30.0,2,30.0
5298703.0397867175,2020-12-12,2020-12-12,1,30.0,1,30.0
42828842.6548813455,2020-11-26,2020-11-26,1,30.0,1,30.0
78211977.6758580767,2020-11-05,2020-11-05,1,30.0,2,30.0
6188604028.5732045441,2020-12-15,2020-12-15,1,30.0,1,30.0
62700534.0597733300,2020-11-09,2020-11-09,1,30.0,2,30.0
33022040.1288126111,2020-12-14,2020-12-14,1,30.0,2,30.0
47489797.9423500206,2020-12-08,2020-12-08,1,30.0,1,30.0
5693966.5489946629,2020-11-09,2020-11-09,1,30.0,1,30.0
16244779.6271795162,2020-12-17,2020-12-17,1,30.0,1,30.0
50131723.8552639593,2020-11-30,2021-01-24,2,30.0,2,15.0
7733438.2383751247,2021-01-12,2021-01-12,1,30.0,1,30.0
3111676283.5909814874,2020-12-14,2020-12-15,2,30.0,2,15.0
26890766.3795079711,2020-11-26,2020-11-26,1,30.0,2,30.0
3434475.4232528961,2021-01-06,2021-01-06,1,30.0,1,30.0
1765514.3967459271,2020-12-29,2020-12-29,1,30.0,1,30.0
13492985.1319836896,2020-11-28,2020-11-28,1,30.0,1,30.0
4646569700.1915538567,2020-12-08,2020-12-08,1,30.0,1,30.0
60082841.6448395764,2020-12-10,2020-12-10,1,30.0,1,30.0
89951518.2076537475,2021-01-23,2021-01-23,1,30.0,4,30.0
2756907.5463530964,2020-11-18,2020-11-18,1,30.0,1,30.0
83240333.3705200960,2021-01-19,2021-01-19,2,30.0,3,15.0
4722225.2022353473,2020-12-05,2020-12-05,1,30.0,1,30.0
65142264.5403230916,2020-12-01,2020-12-01,1,30.0,1,30.0
6674901.0569662140,2020-11-03,2020-11-03,1,30.0,1,30.0
42281226.0048478307,2020-12-20,2020-12-20,1,30.0,7,30.0
7782987.2202660950,2020-11-28,2020-11-28,1,30.0,3,30.0
9074382.1600140595,2020-11-25,2020-11-25,1,30.0,3,30.0
70890906.1784265451,2020-12-20,2020-12-20,1,30.0,1,30.0
16462431.2283594309,2020-11-03,2020-11-03,1,30.0,1,30.0
4060012085.8130998558,2020-12-01,2020-12-01,1,30.0,1,30.0
75634947.6789263686,2020-12-19,2020-12-19,1,30.0,1,30.0
5528800.9735472185,2020-12-11,2020-12-11,1,30.0,2,30.0
33674005.7210109037,2020-12-12,2020-12-12,1,30.0,2,30.0
49012248.5451635004,2020-11-12,2020-11-12,1,30.0,2,30.0
17857622.4039601610,2020-11-10,2020-11-10,1,30.0,1,30.0
608996910.5910525740,2020-12-11,2020-12-11,1,30.0,2,30.0
6030522.6567948401,2020-11-26,2020-11-26,1,30.0,1,30.0
83712753.2730874013,2020-12-21,2020-12-21,1,30.0,1,30.0
3729857539.9270422454,2020-12-04,2020-12-04,1,30.0,1,30.0
60361702.2534944937,2021-01-08,2021-01-08,1,30.0,1,30.0
4022952.2986902042,2020-11-12,2020-11-12,1,30.0,2,30.0
4327637.5684056733,2020-12-18,2020-12-18,1,30.0,4,30.0
58118425.1462158305,2020-11-27,2020-11-27,1,30.0,2,30.0
2779209.0075261161,2020-12-04,2020-12-04,1,30.0,1,30.0
56804998.5738212356,2020-12-14,2020-12-14,1,30.0,1,30.0
33738162.6871557290,2020-12-17,2020-12-17,1,30.0,4,30.0
30129503.7074362162,2020-11-16,2020-11-16,1,30.0,1,30.0
16382639.4243528287,2020-11-06,2020-11-06,1,30.0,1,30.0
2402576.2075653416,2020-12-19,2020-12-19,1,30.0,1,30.0
55931358.6296383621,2020-12-19,2020-12-19,1,30.0,2,30.0
38358825.7762836486,2020-11-27,2020-11-27,1,30.0,1,30.0
1835311.3955349126,2021-01-15,2021-01-15,1,30.0,2,30.0
12370832.6369217133,2020-11-16,2020-11-16,1,30.0,2,30.0
87783631.7181333086,2020-11-17,2020-11-17,1,30.0,1,30.0
1539940.5253610440,2020-12-06,2020-12-06,1,30.0,1,30.0
17275574.8888353986,2020-12-03,2020-12-03,1,30.0,1,30.0
5379051.4217596849,2020-12-23,2020-12-23,1,30.0,1,30.0
5290414.1717903521,2020-12-22,2020-12-22,1,30.0,1,30.0
29984667.0363731894,2020-11-07,2020-11-07,1,30.0,8,30.0
87631466.4751678619,2020-12-17,2020-12-17,1,30.0,1,30.0
25454947.3736396716,2020-11-08,2020-11-08,1,30.0,1,30.0
30498398.9352285320,2020-11-28,2020-11-28,1,30.0,1,30.0
8501593.9535639008,2020-12-01,2020-12-01,1,30.0,2,30.0
11464749.3857585224,2020-12-04,2020-12-04,1,30.0,1,30.0
7595660.4464003027,2020-12-09,2020-12-09,1,30.0,1,30.0
6044179.9713391423,2020-11-26,2020-11-26,1,30.0,1,30.0
40059472.6231450399,2020-12-25,2020-12-25,1,30.0,9,30.0
7526600.8101698809,2020-12-06,2020-12-06,1,30.0,1,30.0
29862051.3410454388,2020-12-12,2020-12-12,1,30.0,3,30.0
21649681.6658615467,2020-11-06,2020-11-06,1,30.0,2,30.0
4049303306.2165018214,2020-12-07,2020-12-07,1,30.0,3,30.0
8272346.3449861049,2021-01-24,2021-01-24,1,30.0,1,30.0
82626745.7161424218,2020-11-28,2020-11-28,1,30.0,1,30.0
56713607.9805564965,2021-01-29,2021-01-29,1,30.0,10,30.0
73431959.6176671772,2020-12-01,2020-12-01,1,30.0,1,30.0
6483982.5492987889,2020-11-27,2020-11-27,1,30.0,1,30.0
11370250.6795005807,2020-11-28,2020-11-28,1,30.0,3,30.0
52407464.0313773688,2020-12-08,2020-12-08,1,30.0,1,30.0
5593077.5585824179,2021-01-17,2021-01-17,1,30.0,2,30.0
7491772.4402157850,2020-11-15,2020-11-15,1,30.0,1,30.0
8231820.2044663288,2020-12-08,2020-12-08,1,30.0,1,30.0
3754421.5686844742,2020-12-03,2020-12-03,1,30.0,1,30.0
61993137.2687500012,2020-12-22,2020-12-22,1,30.0,4,30.0
26028748.6639337274,2020-12-16,2020-12-16,1,30.0,3,30.0
8758227.8253327672,2020-11-17,2020-11-17,1,30.0,2,30.0
2730927.7085420398,2020-11-10,2020-11-10,1,30.0,1,30.0
76702541.1934185664,2020-11-10,2020-11-10,1,30.0,1,30.0
54416199.2185558214,2020-12-22,2020-12-22,1,30.0,1,30.0
2840146.1505910825,2020-11-12,2020-11-12,1,30.0,1,30.0
4793087.3513596462,2020-11-14,2020-11-14,1,30.0,2,30.0
55393762.6527940741,2020-12-28,2020-12-28,1,30.0,2,30.0
29759315.8320980944,2020-12-26,2020-12-26,1,30.0,2,30.0
67357054.9566811359,2020-12-04,2020-12-04,1,30.0,2,30.0
81822575.7298912032,2021-01-14,2021-01-14,1,29.0,1,29.0
27433238.8199790608,2020-12-09,2020-12-09,1,29.0,9,29.0
5023092.7188978811,2021-01-24,2021-01-24,1,29.0,4,29.0
5565016.9227598069,2020-11-09,2020-11-09,1,29.0,2,29.0
38282273.1536713376,2020-11-25,2020-11-25,1,29.0,2,29.0
2887992.0327461909,2020-12-11,2020-12-11,1,29.0,7,29.0
2212017.2642371952,2020-12-18,2020-12-18,1,29.0,3,29.0
3174198569.0794616310,2020-12-02,2020-12-02,1,29.0,2,29.0
63844412.3659435709,2020-12-17,2020-12-17,1,29.0,1,29.0
4974239.1610363322,2021-01-27,2021-01-27,1,29.0,3,29.0
1163427.9837807307,2020-11-12,2020-11-12,1,29.0,1,29.0
7136789.5111613653,2020-11-25,2020-11-25,1,29.0,3,29.0
1365954.5278744848,2020-11-27,2020-11-27,1,29.0,2,29.0
9195004.6212941553,2021-01-08,2021-01-08,1,29.0,3,29.0
6020319.3841039807,2020-12-08,2020-12-08,1,29.0,3,29.0
80465212.0037269782,2020-11-29,2020-11-29,1,29.0,1,29.0
70726544.7957329257,2021-01-08,2021-01-08,1,29.0,3,29.0
8755294.0883074326,2020-12-08,2020-12-08,1,29.0,2,29.0
7808489.0343492791,2020-11-17,2020-11-17,1,29.0,5,29.0
8958500.8855707284,2020-12-04,2020-12-04,1,29.0,1,29.0
3507860.1870168218,2020-12-07,2020-12-07,1,29.0,1,29.0
78130429.4925267502,2020-12-18,2020-12-18,1,28.0,16,28.0
4661274.4897769266,2021-01-30,2021-01-30,1,28.0,3,28.0
7913379764.4006544425,2020-11-13,2020-11-13,1,28.0,2,28.0
47604125.6375976952,2020-11-24,2020-11-24,1,28.0,2,28.0
55159338.7105200700,2020-12-07,2020-12-07,1,28.0,1,28.0
1204621.8982188321,2020-11-13,2020-11-13,1,28.0,2,28.0
15702700.6482035586,2020-12-04,2020-12-04,1,28.0,1,28.0
24039713.3893436235,2020-11-30,2020-11-30,1,28.0,1,28.0
46864690.7092927333,2020-12-09,2020-12-09,1,28.0,1,28.0
60280907.5030142759,2020-12-14,2020-12-14,1,28.0,1,28.0
7906945.0841694882,2020-11-07,2020-11-07,1,28.0,2,28.0
7375268.6519816106,2020-12-14,2020-12-14,1,28.0,3,28.0
1836968.7888260850,2020-12-17,2020-12-17,1,28.0,1,28.0
4748147.0896463590,2020-12-10,2020-12-10,1,28.0,2,28.0
68901715.3203526989,2020-12-11,2020-12-11,1,28.0,2,28.0
17220615.7365298752,2021-01-30,2021-01-30,1,28.0,3,28.0
74546001.3718778256,2020-11-17,2020-11-17,1,28.0,7,28.0
21387540.3778769856,2020-11-07,2020-11-07,1,28.0,2,28.0
1089178.9103594365,2020-12-01,2020-12-01,1,28.0,2,28.0
35367039.8308787550,2020-11-26,2020-11-26,1,28.0,1,28.0
36617700.9924531429,2020-12-10,2020-12-10,1,28.0,1,28.0
25633552.7333010872,2020-11-17,2020-11-17,1,28.0,3,28.0
6882191.5520315726,2020-11-23,2020-11-23,1,28.0,4,28.0
8764422.5504594869,2020-11-30,2020-11-30,1,28.0,2,28.0
13500156.3163927651,2021-01-22,2021-01-22,1,28.0,4,28.0
92067045.1629152825,2020-11-11,2020-11-11,1,28.0,1,28.0
21590807.9258004934,2021-01-19,2021-01-19,1,28.0,1,28.0
7757973.7783845224,2020-11-03,2020-11-03,1,28.0,2,28.0
25974912.9608293940,2021-01-22,2021-01-22,1,28.0,2,28.0
2885429.0157235569,2021-01-03,2021-01-03,1,28.0,2,28.0
10905693.2254980815,2020-11-14,2020-11-14,1,28.0,1,28.0
45823533.2084380423,2020-12-15,2020-12-15,1,28.0,2,28.0
25831561.6830353320,2020-12-06,2020-12-06,1,28.0,2,28.0
3337025.1445600731,2020-11-12,2020-11-12,1,28.0,2,28.0
45719839.0725596842,2021-01-10,2021-01-10,1,28.0,1,28.0
41838139.7242475574,2021-01-19,2021-01-19,1,28.0,2,28.0
7316230097.2070552331,2020-11-09,2020-11-09,1,28.0,3,28.0
90983663.7411503217,2020-12-15,2020-12-15,1,28.0,5,28.0
9472467.1656937415,2021-01-08,2021-01-08,1,28.0,2,28.0
18328443.2080319353,2020-12-03,2020-12-03,1,28.0,2,28.0
9216625.5237279736,2020-12-10,2020-12-10,1,28.0,1,28.0
77276609.4416542415,2020-11-21,2020-11-21,1,28.0,2,28.0
43134343.6477848844,2021-01-22,2021-01-22,1,28.0,2,28.0
62524109.3161787418,2021-01-03,2021-01-03,1,28.0,2,28.0
2491093.1507462366,2020-12-02,2020-12-02,1,28.0,1,28.0
8074234.7570194554,2020-12-21,2020-12-21,1,28.0,1,28.0
4709275.8875557274,2020-12-16,2020-12-16,1,27.0,3,27.0
37510341.8549295922,2020-11-10,2020-11-10,1,27.0,2,27.0
22269209.3146805248,2020-12-06,2020-12-06,1,27.0,2,27.0
53425850.4089853958,2020-11-27,2020-11-27,1,27.0,4,27.0
29823170.8766735762,2020-11-10,2020-11-10,1,27.0,3,27.0
7361524.3246563494,2020-11-28,2020-11-28,1,27.0,2,27.0
62395011.7852261797,2020-12-07,2020-12-07,1,27.0,5,27.0
46711302.2852397988,2020-12-08,2020-12-08,1,27.0,1,27.0
45473624.1023516518,2020-11-03,2020-11-03,1,27.0,3,27.0
45421650.6526651864,2021-01-06,2021-01-06,1,27.0,3,27.0
7427799618.0412814438,2021-01-23,2021-01-23,1,27.0,5,27.0
19492128.7016911946,2021-01-05,2021-01-05,2,27.0,2,13.5
4551273.9026395419,2021-01-25,2021-01-25,1,27.0,4,27.0
77464034.6750925956,2020-12-23,2020-12-23,1,27.0,2,27.0
2027812590.3150467400,2020-11-17,2020-11-17,1,27.0,2,27.0
89267756.6432543280,2020-11-06,2020-11-06,1,27.0,2,27.0
5556391.0179080945,2020-12-31,2020-12-31,1,27.0,2,27.0
7549801319.6083086386,2020-12-17,2020-12-17,1,27.0,2,27.0
66563562.8308441449,2020-12-15,2020-12-15,1,27.0,2,27.0
50361845.1840834873,2020-12-30,2020-12-30,1,27.0,3,27.0
12813365.2129427856,2020-11-30,2020-11-30,1,27.0,3,27.0
59219545.0213652475,2020-12-09,2020-12-09,1,27.0,3,27.0
5067991.0959078102,2020-12-03,2020-12-03,1,27.0,2,27.0
67934362.7951436051,2020-12-21,2020-12-21,1,26.0,2,26.0
8693458.9667648603,2020-11-21,2020-11-21,1,26.0,2,26.0
88104982.4975566982,2020-11-17,2020-11-17,1,26.0,3,26.0
70837463.6029197962,2020-11-23,2020-11-23,1,26.0,2,26.0
68139911.9000642890,2020-12-12,2020-12-12,1,26.0,3,26.0
74650484.1255761858,2021-01-04,2021-01-04,1,26.0,2,26.0
73829542.7019776287,2020-12-09,2020-12-09,1,26.0,2,26.0
6071043.7718608798,2021-01-24,2021-01-24,1,26.0,4,26.0
7827395.5707921470,2020-11-25,2020-11-25,1,26.0,2,26.0
84505235.3811031418,2020-12-24,2020-12-24,1,26.0,2,26.0
34009416.7866578706,2021-01-16,2021-01-16,1,26.0,2,26.0
77120175.8570057881,2020-12-07,2020-12-07,1,26.0,4,26.0
35092297.7264644777,2020-12-28,2020-12-28,1,26.0,3,26.0
20303703.1154814143,2020-11-19,2020-11-19,1,26.0,2,26.0
4487780.9759536757,2020-11-23,2020-11-23,1,26.0,10,26.0
64274477.5905102311,2021-01-19,2021-01-19,1,26.0,2,26.0
6897445.1210745247,2020-11-07,2020-11-07,2,26.0,2,13.0
35449521.7467347527,2020-11-17,2020-11-17,1,26.0,3,26.0
83310359.0821475252,2021-01-06,2021-01-06,1,26.0,2,26.0
8992749.5867986999,2020-12-25,2020-12-25,1,26.0,1,26.0
6552271.8804757597,2020-11-23,2020-11-23,1,26.0,2,26.0
3457650.2924951409,2020-12-08,2020-12-08,1,26.0,2,26.0
91973717.6924755137,2021-01-15,2021-01-15,1,26.0,9,26.0
7171332.8572143041,2020-12-19,2020-12-19,1,26.0,3,26.0
5951503.2830867633,2020-11-16,2020-11-16,1,26.0,15,26.0
6731649.2397948744,2020-11-08,2020-11-08,1,26.0,6,26.0
3891526.7366315097,2020-11-18,2020-11-18,1,26.0,2,26.0
88196645.5084915352,2020-12-15,2020-12-15,1,26.0,2,26.0
16093880.9382962150,2021-01-26,2021-01-26,1,26.0,2,26.0
89422277.7506860760,2020-12-12,2020-12-12,1,26.0,3,26.0
4874810.7850112978,2020-12-31,2020-12-31,1,26.0,1,26.0
43031919.9726538913,2020-12-02,2020-12-02,1,26.0,2,26.0
3670839.0267796655,2020-12-14,2020-12-14,1,26.0,2,26.0
61367617.5801864153,2020-12-17,2020-12-17,1,26.0,2,26.0
42057885.7370556500,2021-01-08,2021-01-08,1,26.0,2,26.0
43104551.6050610800,2020-12-03,2020-12-03,1,26.0,2,26.0
38054334.2240709458,2020-11-09,2020-11-09,1,26.0,3,26.0
5375602.5787042833,2020-12-06,2020-12-06,1,25.0,1,25.0
4243708.2068286631,2020-12-04,2020-12-04,1,25.0,1,25.0
89204999.8110590411,2021-01-21,2021-01-21,1,25.0,4,25.0
5546335.5733710756,2020-11-08,2020-11-08,1,25.0,1,25.0
7124838.0228509311,2020-11-09,2020-11-09,1,25.0,2,25.0
4766255.6864161154,2020-11-15,2020-11-15,1,25.0,1,25.0
77935609.6554925875,2021-01-26,2021-01-26,1,25.0,3,25.0
26952918.6605768312,2020-11-12,2020-11-12,1,25.0,1,25.0
15783578.7353536093,2021-01-24,2021-01-24,1,25.0,5,25.0
86920576.7783874354,2020-11-25,2020-11-25,1,25.0,9,25.0
52190515.2041872856,2020-11-30,2020-11-30,1,25.0,1,25.0
2232278.4300512401,2020-12-24,2020-12-24,1,25.0,4,25.0
2175065.2192239255,2020-12-14,2020-12-14,1,25.0,5,25.0
73788836.6647022716,2020-12-09,2020-12-09,1,25.0,2,25.0
31012311.2048194530,2020-12-16,2020-12-16,1,25.0,2,25.0
51727598.3439876675,2020-11-28,2020-11-28,1,25.0,8,25.0
7962956.9533545007,2020-12-01,2020-12-01,1,25.0,5,25.0
3306425.6784890438,2020-12-11,2020-12-11,1,25.0,3,25.0
1494018.5183133777,2020-11-01,2020-11-01,1,25.0,1,25.0
79222437.7976387631,2020-12-12,2020-12-12,1,25.0,2,25.0
67633752.1426304482,2021-01-19,2021-01-19,1,25.0,1,25.0
40499246.5701945231,2020-12-21,2020-12-21,1,25.0,1,25.0
86199726.3214867319,2021-01-14,2021-01-14,1,25.0,1,25.0
8778258.6853868743,2020-12-08,2020-12-08,1,25.0,2,25.0
7113433.3742664708,2020-11-10,2020-11-10,1,25.0,1,25.0
28155107.4937647306,2021-01-20,2021-01-20,1,25.0,2,25.0
6936674.0598239525,2020-12-16,2020-12-16,1,25.0,3,25.0
24746976.7398576212,2020-11-29,2020-11-29,1,25.0,1,25.0
37277680.8900385204,2020-12-12,2020-12-12,1,25.0,1,25.0
68340330.6218248479,2020-11-26,2020-11-26,1,25.0,2,25.0
8900366.1502586915,2020-12-06,2020-12-06,1,25.0,3,25.0
3762574.2588179325,2021-01-22,2021-01-22,1,24.0,1,24.0
77515109.5832187777,2020-12-02,2020-12-02,1,24.0,1,24.0
2128409.3248782249,2020-11-16,2020-11-16,1,24.0,1,24.0
1423095.5468047734,2020-11-23,2020-11-23,1,24.0,6,24.0
4930396.5461821948,2020-12-14,2020-12-14,1,24.0,1,24.0
3465690.6856005887,2020-11-06,2020-11-06,1,24.0,4,24.0
7146886.8539557844,2021-01-23,2021-01-23,1,24.0,5,24.0
6196666.0735120251,2020-12-01,2020-12-01,1,24.0,1,24.0
59277247.3483663314,2020-12-30,2020-12-30,1,24.0,1,24.0
90371170.5228005068,2020-12-01,2020-12-01,1,24.0,1,24.0
43906788.7546190026,2020-11-26,2020-11-26,1,24.0,2,24.0
66021745.1784185552,2021-01-22,2021-01-22,1,24.0,2,24.0
32729600.8935787540,2020-12-07,2020-12-07,1,24.0,1,24.0
7946294.3682774932,2021-01-06,2021-01-06,1,24.0,2,24.0
71206194.9159332783,2020-11-13,2020-11-13,1,24.0,10,24.0
78740849.5845768330,2020-12-17,2020-12-17,1,24.0,1,24.0
62015338.5335900578,2020-12-16,2020-12-16,1,24.0,1,24.0
6690432.3445265766,2020-12-23,2020-12-23,1,24.0,3,24.0
12453465.5603334682,2020-11-17,2020-11-17,1,24.0,1,24.0
52691175.7181665075,2020-12-18,2020-12-18,1,24.0,1,24.0
16851116.6419517132,2020-12-10,2020-12-10,5,24.0,5,4.8
89822931.5917917105,2020-11-17,2020-11-17,1,24.0,3,24.0
83696453.8132729435,2020-12-28,2020-12-28,1,24.0,10,24.0
8848313.6690701237,2020-12-23,2020-12-23,1,24.0,1,24.0
18999141.8287009669,2021-01-13,2021-01-13,1,24.0,1,24.0
30108151.5867560201,2020-12-06,2020-12-06,1,24.0,1,24.0
65154462.1769822275,2021-01-19,2021-01-19,1,24.0,1,24.0
7625514.5568512112,2020-12-22,2020-12-22,1,24.0,1,24.0
9081882.0797388482,2021-01-15,2021-01-15,1,24.0,2,24.0
7393648.1873812517,2020-11-30,2020-11-30,1,24.0,1,24.0
41590177.4228524607,2020-11-18,2020-11-18,1,24.0,1,24.0
5590716.6791910019,2020-12-23,2020-12-23,1,24.0,2,24.0
14302032.1404243708,2021-01-09,2021-01-09,1,24.0,2,24.0
43719217.6938465168,2020-11-30,2020-11-30,1,24.0,1,24.0
45684041.1487561454,2020-12-11,2020-12-11,1,24.0,1,24.0
54840401.1429599516,2020-11-24,2020-11-24,1,24.0,1,24.0
7418203637.9546219861,2020-12-19,2020-12-19,1,24.0,1,24.0
3593045.4474754034,2021-01-05,2021-01-05,1,24.0,2,24.0
44648288.3163217439,2020-12-15,2020-12-15,1,24.0,1,24.0
6154769.0714961304,2020-12-15,2020-12-15,1,24.0,3,24.0
50168082.8967124218,2020-12-24,2020-12-24,1,24.0,1,24.0
19740989.0858763007,2020-12-14,2020-12-14,1,24.0,2,24.0
24005163.6752722139,2020-12-02,2020-12-02,1,24.0,1,24.0
15957353.1002579110,2020-12-08,2020-12-08,1,24.0,30,24.0
55313333.8413369578,2021-01-13,2021-01-13,1,24.0,4,24.0
7127030.2823157340,2021-01-26,2021-01-26,1,24.0,1,24.0
8798966.0388484094,2020-11-17,2020-11-17,1,24.0,1,24.0
67990634.0151910511,2020-11-26,2020-11-26,1,24.0,1,24.0
6051492.6597366361,2020-12-02,2020-12-02,1,24.0,3,24.0
77637054.0215352743,2021-01-15,2021-01-15,1,24.0,1,24.0
2170538.8100092808,2020-12-11,2020-12-11,1,24.0,1,24.0
33967208.3195174744,2020-11-20,2020-11-20,1,24.0,2,24.0
1473521219.8525112860,2020-12-16,2020-12-16,1,24.0,3,24.0
3308917.5645002589,2021-01-10,2021-01-10,1,24.0,1,24.0
27181517.9278849940,2020-11-29,2020-11-29,1,24.0,1,24.0
60389702.2086129909,2020-12-26,2020-12-26,1,24.0,1,24.0
6191638.2889349277,2020-11-27,2020-11-27,1,24.0,1,24.0
58234029.0722348975,2020-12-17,2020-12-17,1,24.0,3,24.0
54190735.3679282161,2020-11-17,2020-11-17,1,24.0,2,24.0
49354846.0718560012,2020-12-16,2020-12-16,1,24.0,1,24.0
61741032.4991073931,2020-12-02,2020-12-02,1,24.0,2,24.0
6724688.1020387197,2021-01-23,2021-01-23,2,24.0,2,12.0
56293890.1487399791,2020-11-24,2020-11-24,1,24.0,1,24.0
7383305.1244201858,2020-12-17,2020-12-17,1,24.0,1,24.0
41473698.5123929648,2020-12-09,2020-12-09,1,24.0,1,24.0
9165170.8636653512,2020-12-08,2020-12-08,1,24.0,2,24.0
82592841.5041495665,2020-11-02,2020-11-02,1,24.0,1,24.0
54688310.8635917702,2020-12-01,2020-12-01,1,24.0,1,24.0
7016446.9931302905,2020-11-05,2020-11-05,1,24.0,5,24.0
49236041.8790753746,2020-12-15,2020-12-15,1,24.0,2,24.0
84838839.0769353328,2020-12-11,2020-12-11,1,24.0,1,24.0
13691555.1609230109,2020-11-25,2020-11-25,1,24.0,1,24.0
25581079.7578476005,2020-12-28,2020-12-28,1,24.0,1,24.0
18498851.9195881231,2020-11-30,2020-11-30,1,24.0,1,24.0
5969629.0738022380,2020-11-03,2020-11-03,1,24.0,1,24.0
87431455.4720611025,2021-01-05,2021-01-05,1,24.0,1,24.0
3257974.8575346035,2021-01-22,2021-01-22,1,24.0,1,24.0
61118967.8056730478,2021-01-17,2021-01-17,1,24.0,1,24.0
5206744.7117460003,2021-01-22,2021-01-22,1,24.0,8,24.0
71904874.2045190274,2020-11-24,2020-11-24,1,24.0,2,24.0
3701512.7921503812,2020-12-21,2020-12-26,2,24.0,8,12.0
58162644.7624663170,2020-11-04,2020-11-04,1,24.0,1,24.0
40418512.3278126220,2020-11-02,2020-11-02,1,24.0,1,24.0
6272530.1263809832,2020-11-30,2020-11-30,1,24.0,1,24.0
55607257.5767935321,2021-01-19,2021-01-19,1,24.0,1,24.0
40581241.9763166406,2020-12-18,2020-12-18,1,24.0,1,24.0
76577624.1196857209,2020-12-11,2020-12-11,1,24.0,1,24.0
3048586.2373315420,2021-01-03,2021-01-03,1,24.0,1,24.0
3723940.1709320867,2020-12-09,2020-12-09,1,24.0,2,24.0
4612979.8417176355,2020-11-13,2020-11-13,1,24.0,1,24.0
5177505373.3913252249,2020-12-10,2020-12-10,1,24.0,1,24.0
57342716.1787863925,2020-12-10,2020-12-10,1,24.0,2,24.0
2613398.2166675477,2020-12-08,2020-12-08,1,24.0,2,24.0
51789539.5027614748,2020-12-11,2020-12-11,1,24.0,1,24.0
42167462.4250653874,2020-12-16,2020-12-16,1,23.0,1,23.0
8968170.2149989235,2020-11-28,2020-11-28,1,23.0,3,23.0
75212332.0462614368,2020-11-08,2020-11-08,1,23.0,1,23.0
90840499.7278556017,2020-11-27,2020-11-27,1,23.0,4,23.0
4529327.1786171238,2020-12-10,2020-12-10,1,23.0,2,23.0
2004878.6108556142,2020-12-04,2020-12-04,1,23.0,2,23.0
7678145.6418665978,2021-01-06,2021-01-06,1,23.0,1,23.0
2218243.6572984750,2020-11-24,2020-11-24,1,23.0,2,23.0
20754226.2589569130,2021-01-06,2021-01-06,1,23.0,2,23.0
73553329.4007239021,2020-12-09,2020-12-09,1,23.0,1,23.0
2625733.8103163295,2020-11-13,2020-11-13,1,23.0,1,23.0
5690429.3982669738,2020-11-04,2020-11-04,1,23.0,2,23.0
1336873.9384913636,2020-12-09,2020-12-09,1,23.0,2,23.0
7269989.2493768800,2020-11-17,2020-11-17,1,23.0,7,23.0
2184518.9171442290,2020-12-11,2020-12-11,1,23.0,3,23.0
79061268.0848182319,2020-11-16,2020-11-16,1,23.0,4,23.0
64550506.5927581901,2020-11-27,2020-11-27,1,23.0,2,23.0
90018117.3469988350,2020-11-05,2020-11-05,1,23.0,1,23.0
8452311.3681765761,2020-12-21,2020-12-21,1,23.0,2,23.0
34820749.5627527427,2020-12-23,2020-12-23,1,23.0,1,23.0
6080877.8085762728,2020-11-28,2020-11-28,1,23.0,3,23.0
85295549.1924048301,2020-12-10,2020-12-10,1,23.0,3,23.0
2017544.1570506370,2020-11-17,2020-11-17,1,23.0,2,23.0
41803452.7850037461,2021-01-05,2021-01-05,1,23.0,3,23.0
7529108.3603947452,2020-12-11,2020-12-11,1,22.0,2,22.0
2323477.7085022522,2020-12-16,2020-12-16,1,22.0,5,22.0
9052312.4913896268,2020-12-07,2020-12-07,1,22.0,1,22.0
3938471.9023028673,2020-12-03,2020-12-03,1,22.0,7,22.0
61963024.8202742305,2020-12-27,2020-12-27,1,22.0,1,22.0
3312036.2521285954,2020-11-11,2020-11-11,1,22.0,2,22.0
42393609.9505932976,2020-12-04,2020-12-04,1,22.0,1,22.0
3351786.5083077372,2021-01-01,2021-01-01,1,22.0,1,22.0
55593768.5311544152,2020-12-28,2020-12-28,1,22.0,1,22.0
1257911.6384484937,2020-11-03,2020-11-03,1,22.0,2,22.0
32400150.9680193648,2020-12-13,2020-12-13,1,22.0,1,22.0
13947818.2704676156,2021-01-25,2021-01-25,1,22.0,1,22.0
8841256.1033635972,2020-11-10,2020-11-10,1,22.0,3,22.0
7406779.5047994254,2020-11-13,2020-11-13,1,22.0,1,22.0
2353041.1837186416,2020-11-08,2020-11-08,1,22.0,1,22.0
7616254.5240355876,2020-12-09,2020-12-09,1,22.0,2,22.0
77782481.6783148384,2020-11-11,2020-11-11,1,22.0,3,22.0
15735778.2870917869,2020-11-16,2020-11-16,1,22.0,1,22.0
1424156.5448723626,2020-11-30,2020-11-30,1,22.0,2,22.0
51790647.1433313227,2021-01-19,2021-01-19,1,22.0,1,22.0
55516909.1481036394,2020-11-27,2020-11-27,1,22.0,2,22.0
68478330.4276176256,2020-12-19,2020-12-19,1,22.0,1,22.0
30294528.5063782336,2020-11-06,2020-11-06,1,22.0,4,22.0
8562748.1292528562,2021-01-20,2021-01-20,1,22.0,3,22.0
59995715.3236223993,2021-01-24,2021-01-24,1,22.0,3,22.0
7445408530.7645836782,2020-11-04,2020-11-04,1,22.0,1,22.0
18516773.0126593666,2020-12-02,2020-12-02,1,22.0,2,22.0
23023007.7963340657,2021-01-24,2021-01-24,1,22.0,1,22.0
86834775.2599012346,2020-11-24,2020-11-24,1,22.0,1,22.0
1954165.1829780175,2020-12-05,2020-12-05,1,22.0,1,22.0
8994558.9516186481,2021-01-24,2021-01-24,1,22.0,1,22.0
49948590.1657747391,2020-12-22,2020-12-22,1,22.0,2,22.0
73971086.0168359520,2020-12-06,2020-12-06,1,22.0,1,22.0
3393889.7396147285,2020-12-09,2020-12-09,1,22.0,1,22.0
60182642.3435447102,2020-11-13,2020-11-13,1,22.0,1,22.0
28872668.2787464461,2020-12-09,2020-12-09,1,22.0,3,22.0
46734973.9290399270,2020-11-26,2020-11-26,1,22.0,1,22.0
44254060.0976017121,2020-11-11,2020-11-11,1,22.0,1,22.0
73103431.3740237825,2020-11-16,2020-11-16,1,22.0,1,22.0
6003584.8390086616,2020-12-01,2020-12-01,1,22.0,2,22.0
4575404.1267172639,2021-01-22,2021-01-22,1,22.0,2,22.0
4406786.1288886842,2020-12-10,2020-12-10,1,22.0,3,22.0
30509185.4786918873,2020-11-16,2020-11-16,1,22.0,1,22.0
41930655.1128174119,2021-01-25,2021-01-25,1,22.0,1,22.0
5187937.6738524538,2020-12-09,2020-12-09,1,22.0,1,22.0
8142000.3062958976,2020-12-02,2020-12-02,1,22.0,1,22.0
6136308840.6700964793,2020-12-09,2020-12-09,1,22.0,1,22.0
59431741.0928386336,2020-11-09,2020-11-09,1,22.0,1,22.0
3577806.2578587674,2020-12-23,2020-12-23,1,22.0,1,22.0
36259188.4271466328,2020-12-20,2020-12-20,1,22.0,2,22.0
4787327.5696813276,2021-01-15,2021-01-15,1,22.0,4,22.0
2467672454.9329478776,2020-12-18,2020-12-18,1,22.0,1,22.0
6975966.3912289420,2020-12-11,2020-12-11,1,22.0,1,22.0
8857034.7328471275,2021-01-24,2021-01-24,1,21.0,1,21.0
5413303.6631923503,2020-11-25,2020-11-25,1,21.0,2,21.0
2838161.4781702653,2021-01-05,2021-01-05,1,21.0,2,21.0
5218931.6976141915,2020-12-04,2020-12-04,1,21.0,2,21.0
68138414.4145956258,2020-12-02,2020-12-02,1,21.0,3,21.0
2648776.9321137817,2020-12-12,2020-12-12,1,21.0,2,21.0
2221714.1060184059,2020-11-30,2020-11-30,1,21.0,2,21.0
3934622.2644661987,2021-01-24,2021-01-24,1,21.0,4,21.0
7630384.3246315291,2020-12-30,2020-12-30,1,21.0,2,21.0
1213730.9590306741,2020-12-10,2020-12-10,1,21.0,2,21.0
55182047.5260548965,2020-12-09,2020-12-09,1,21.0,4,21.0
3412220.6161181119,2020-12-17,2020-12-17,1,21.0,2,21.0
25093846.1157408806,2021-01-19,2021-01-19,1,21.0,2,21.0
47377018.1786966867,2020-12-15,2020-12-15,1,21.0,2,21.0
18829536.8717481088,2020-12-12,2020-12-12,2,21.0,4,10.5
8026619.2296223413,2021-01-12,2021-01-12,1,21.0,4,21.0
25040095.0670087088,2021-01-02,2021-01-02,1,21.0,6,21.0
8733061.5415155980,2021-01-13,2021-01-13,1,21.0,2,21.0
60436974.7396893790,2020-11-27,2020-11-27,1,21.0,2,21.0
9220684.1553390889,2021-01-05,2021-01-05,1,21.0,1,21.0
55898259.3632334008,2020-12-11,2020-12-11,1,21.0,2,21.0
92178928.5827422195,2020-12-15,2020-12-15,1,21.0,2,21.0
2291182.3518179459,2021-01-27,2021-01-27,2,21.0,1,10.5
59628020.4516096651,2020-12-24,2020-12-24,1,21.0,1,21.0
16742325.1460084940,2020-12-09,2020-12-09,2,21.0,2,10.5
30029755.0497081277,2020-11-06,2020-11-06,1,21.0,2,21.0
91937968.1617199601,2021-01-22,2021-01-22,1,21.0,1,21.0
1021887.1151788384,2020-12-26,2020-12-26,1,21.0,2,21.0
2365980.2818968577,2020-12-01,2020-12-01,1,21.0,3,21.0
72926454.8269061887,2020-11-28,2020-11-28,1,21.0,4,21.0
4738947.9438471560,2020-12-09,2020-12-09,1,21.0,4,21.0
8905528.1510934754,2021-01-23,2021-01-23,1,21.0,2,21.0
55981424.7122207341,2020-12-05,2020-12-05,1,21.0,2,21.0
79553059.4531556375,2021-01-15,2021-01-15,1,21.0,2,21.0
10543466.9758583606,2021-01-25,2021-01-25,1,21.0,5,21.0
7161013.2920991826,2020-12-13,2020-12-13,1,21.0,5,21.0
37493575.0376020341,2020-12-19,2020-12-19,1,21.0,1,21.0
18236864.0194729258,2020-11-27,2020-11-27,1,21.0,2,21.0
33141529.9644469700,2020-11-12,2020-11-12,1,21.0,11,21.0
42973705.2604123071,2020-12-10,2020-12-10,1,20.0,2,20.0
3398852635.9428651409,2020-12-21,2020-12-21,1,20.0,1,20.0
69986145.5399919143,2020-11-02,2020-11-02,1,20.0,4,20.0
1299576.0400218024,2020-12-02,2020-12-02,1,20.0,2,20.0
1153010.6286227099,2021-01-22,2021-01-22,1,20.0,2,20.0
60359955.7443344317,2020-12-10,2020-12-10,1,20.0,4,20.0
18436463.4630313750,2021-01-25,2021-01-25,1,20.0,3,20.0
54650531.8943536891,2020-12-08,2020-12-08,1,20.0,1,20.0
35763731.0874717473,2021-01-20,2021-01-20,1,20.0,1,20.0
43869984.9708200846,2020-11-06,2020-11-06,1,20.0,1,20.0
4185649.9541505242,2021-01-19,2021-01-19,1,20.0,3,20.0
3178736.6661466531,2020-11-25,2020-11-25,1,20.0,1,20.0
44546067.0576823511,2021-01-23,2021-01-23,1,20.0,1,20.0
16272274.3067840734,2020-12-08,2020-12-08,1,20.0,3,20.0
2227109.3866686675,2020-11-07,2020-11-07,1,20.0,1,20.0
85703325.9682407551,2020-12-06,2020-12-06,1,20.0,3,20.0
3149802.9399236730,2020-11-10,2020-11-10,1,20.0,1,20.0
3577740.6099509380,2021-01-14,2021-01-14,1,20.0,2,20.0
32315141.7266068238,2020-11-06,2020-11-06,1,20.0,1,20.0
3400627.9392975466,2020-12-06,2020-12-06,1,20.0,1,20.0
39077253.7899061745,2020-12-10,2020-12-10,1,20.0,1,20.0
23822680.9624813723,2020-11-17,2020-11-17,1,20.0,1,20.0
4190412.6239140179,2020-11-11,2020-11-11,1,20.0,6,20.0
7039765.5959855371,2020-11-11,2020-11-11,1,20.0,1,20.0
91376862.4856404354,2020-11-15,2020-11-15,1,20.0,1,20.0
40650638.8176789956,2021-01-01,2021-01-01,1,20.0,1,20.0
1490836.9769608444,2020-12-16,2020-12-16,1,20.0,1,20.0
8926225.9345063255,2020-11-22,2020-11-22,1,20.0,2,20.0
1263510.2346903431,2021-01-13,2021-01-13,1,20.0,3,20.0
57746120.5810540778,2020-12-10,2020-12-10,1,20.0,5,20.0
15302055.4978490469,2021-01-20,2021-01-20,1,20.0,1,20.0
73606327.4930028426,2020-11-17,2020-11-17,1,20.0,1,20.0
10987967.4344965706,2020-12-10,2020-12-10,1,20.0,1,20.0
54650516.3770320538,2020-12-16,2020-12-16,1,20.0,2,20.0
48332896.7948919680,2021-01-22,2021-01-22,1,20.0,1,20.0
6050400.1592934348,2020-11-28,2020-11-28,1,20.0,4,20.0
7411487.6036119390,2021-01-19,2021-01-19,1,20.0,1,20.0
36256712.1326640719,2021-01-12,2021-01-12,1,20.0,2,20.0
26441613.3587365483,2020-12-03,2020-12-03,1,20.0,8,20.0
73370809.3757379160,2021-01-05,2021-01-05,1,20.0,2,20.0
11553722.3184776624,2020-12-01,2020-12-01,1,20.0,1,20.0
7421090.1311478278,2020-12-08,2020-12-08,1,20.0,2,20.0
21683663.4440188892,2020-12-24,2021-01-31,2,20.0,2,10.0
5067255.5671603048,2020-11-29,2020-11-29,1,20.0,2,20.0
1407240.9536646342,2020-12-04,2020-12-04,1,20.0,10,20.0
3762381.5920758171,2020-11-23,2020-11-23,1,20.0,2,20.0
1577730.6536343723,2020-11-26,2020-11-26,1,20.0,2,20.0
4532388276.8030432251,2021-01-25,2021-01-25,1,19.0,3,19.0
6510522.7061313662,2021-01-07,2021-01-07,1,19.0,1,19.0
14525425.6643981670,2020-11-18,2020-11-18,1,19.0,12,19.0
7116815.2975421997,2020-12-13,2020-12-13,1,19.0,13,19.0
83571720.7492955192,2021-01-28,2021-01-28,1,19.0,1,19.0
4272875163.1610352147,2021-01-14,2021-01-14,1,19.0,1,19.0
47416269.1313769797,2020-11-26,2020-11-26,1,19.0,1,19.0
21101420.4449841146,2020-12-29,2020-12-29,1,19.0,1,19.0
51359052.9832825278,2020-12-30,2020-12-30,1,19.0,1,19.0
4997326.4756259004,2020-12-23,2020-12-23,1,19.0,1,19.0
2734830.9992266559,2020-11-12,2020-11-12,1,19.0,3,19.0
2342971.6074063060,2021-01-27,2021-01-27,1,19.0,1,19.0
2876583.5568477554,2020-12-25,2020-12-25,1,19.0,1,19.0
86349088.9137602844,2020-12-23,2020-12-23,1,19.0,2,19.0
28683334.6180641211,2021-01-20,2021-01-20,1,19.0,1,19.0
7132358.6228292016,2020-12-22,2020-12-22,1,19.0,3,19.0
47439165.5147551041,2021-01-03,2021-01-03,1,19.0,1,19.0
54769599.7567301976,2020-12-12,2020-12-12,1,19.0,2,19.0
47628074.9193506873,2021-01-19,2021-01-19,1,19.0,3,19.0
16995542.7304104556,2020-11-11,2020-11-11,1,19.0,1,19.0
46297179.0171278742,2020-12-08,2020-12-08,1,19.0,1,19.0
2671708.8565978857,2021-01-11,2021-01-11,1,19.0,4,19.0
71728326.8215187064,2020-12-16,2020-12-16,1,19.0,1,19.0
46728708.0760649808,2020-11-13,2020-11-13,1,19.0,2,19.0
20368983.6178046546,2020-12-16,2020-12-16,1,19.0,1,19.0
35910152.4891218786,2020-12-28,2020-12-28,1,19.0,2,19.0
8032580.9992443180,2020-12-21,2020-12-21,1,19.0,1,19.0
11422977.5445649055,2020-12-18,2020-12-18,1,19.0,4,19.0
6101467.4740745406,2021-01-01,2021-01-01,1,19.0,3,19.0
25044369.5523734851,2020-12-03,2020-12-03,1,19.0,4,19.0
4602945.9366420751,2021-01-11,2021-01-11,1,19.0,1,19.0
47728220.5500104652,2020-11-27,2020-11-27,1,19.0,1,19.0
88676986.2845052562,2021-01-25,2021-01-25,1,19.0,7,19.0
7616416.3442436459,2021-01-14,2021-01-14,1,19.0,2,19.0
37469851.2915027399,2020-12-15,2020-12-15,1,19.0,1,19.0
34756247.3212719194,2020-11-30,2020-11-30,1,19.0,2,19.0
77894164.1266830106,2021-01-12,2021-01-12,1,19.0,3,19.0
33636503.5000871312,2021-01-23,2021-01-23,1,18.0,1,18.0
8280779440.9996140364,2021-01-23,2021-01-23,1,18.0,2,18.0
3947718.3318468480,2020-11-06,2020-11-06,1,18.0,1,18.0
7638626.6903353029,2020-11-24,2020-11-24,1,18.0,6,18.0
24438494.0879270947,2020-12-09,2020-12-09,1,18.0,2,18.0
18311401.6578576892,2020-12-03,2020-12-03,1,18.0,3,18.0
55002300.9025496492,2021-01-20,2021-01-20,1,18.0,1,18.0
42437353.0009009717,2020-12-18,2020-12-18,1,18.0,1,18.0
61604299.4464644285,2020-12-12,2020-12-12,1,18.0,2,18.0
21957871.8710533603,2020-11-15,2020-11-15,1,18.0,2,18.0
2440964.7151299924,2020-11-05,2020-11-05,1,18.0,3,18.0
8816052.5192099067,2020-12-27,2020-12-27,1,18.0,1,18.0
22360539.8245478823,2020-12-18,2020-12-18,1,18.0,2,18.0
31430869.9028960991,2020-12-23,2020-12-23,1,18.0,2,18.0
22960903.4572081213,2020-12-10,2020-12-10,1,18.0,1,18.0
2818855.2819610627,2021-01-13,2021-01-13,1,18.0,2,18.0
18489071.4831990105,2020-12-16,2020-12-16,1,18.0,2,18.0
3625042.1265230738,2020-12-02,2020-12-02,1,18.0,1,18.0
4792087.7875785224,2020-12-31,2020-12-31,1,18.0,1,18.0
3773899.4223706621,2020-11-10,2020-11-10,1,18.0,1,18.0
7711053.0709227584,2020-11-09,2020-11-09,1,18.0,3,18.0
5478191.7625370733,2020-11-06,2020-11-06,1,18.0,1,18.0
5875619.5890494953,2020-12-21,2020-12-21,1,18.0,2,18.0
61814372.5358538445,2020-11-10,2020-11-10,1,18.0,3,18.0
7722805.2360482435,2020-11-30,2020-11-30,1,18.0,1,18.0
6061725953.8302009147,2020-11-30,2020-11-30,1,18.0,5,18.0
15418373.8425670485,2020-12-16,2020-12-16,1,18.0,3,18.0
59440589.7744966984,2020-12-14,2020-12-14,1,18.0,2,18.0
23471077.0151968616,2020-12-08,2020-12-08,1,18.0,1,18.0
3125944.3495334575,2021-01-13,2021-01-13,1,18.0,1,18.0
41505885.3117323516,2020-12-05,2020-12-05,1,18.0,1,18.0
7404712.3481898129,2020-11-24,2020-11-24,1,18.0,2,18.0
5798842.3922639602,2020-12-14,2020-12-26,2,18.0,1,9.0
2637438.5895621403,2021-01-05,2021-01-05,1,18.0,1,18.0
46447555.4038041791,2020-12-05,2020-12-05,1,18.0,1,18.0
90858395.4544953123,2020-12-03,2020-12-03,1,18.0,3,18.0
5976309.6254162175,2020-12-12,2020-12-12,1,18.0,1,18.0
60446028.7543336675,2020-11-16,2020-11-16,1,18.0,1,18.0
5372320.9033988663,2021-01-12,2021-01-12,1,18.0,1,18.0
6491610.4022550572,2020-12-10,2020-12-10,1,18.0,2,18.0
6080470.4742971976,2021-01-22,2021-01-22,1,18.0,1,18.0
35388939.9653515999,2020-11-17,2020-11-17,1,18.0,1,18.0
23851655.0546635394,2020-11-14,2020-11-14,1,18.0,1,18.0
1595768.3586762613,2020-11-10,2020-11-10,1,18.0,1,18.0
43078053.5511752417,2020-12-01,2020-12-01,1,18.0,2,18.0
84173583.3434006051,2020-11-24,2020-11-24,1,17.0,2,17.0
36346292.3024843816,2020-12-07,2020-12-07,1,17.0,1,17.0
8879858.9670506081,2021-01-18,2021-01-18,1,17.0,1,17.0
31456855.2528933945,2020-12-13,2020-12-13,1,17.0,1,17.0
57453839.8245560325,2020-12-05,2020-12-05,1,17.0,1,17.0
7963367.8049414844,2020-12-14,2020-12-14,1,17.0,1,17.0
24897762.0454201456,2020-12-08,2020-12-08,1,17.0,1,17.0
2798934.1669190108,2021-01-25,2021-01-25,1,17.0,1,17.0
86449111.4441730986,2020-12-11,2020-12-11,1,17.0,1,17.0
5357426.0216106310,2020-11-28,2020-11-28,1,17.0,1,17.0
30548868.9557051666,2020-12-26,2020-12-26,1,17.0,1,17.0
90281510.6560674856,2021-01-25,2021-01-25,1,17.0,1,17.0
35966519.5288664403,2020-11-25,2020-11-25,1,17.0,6,17.0
59662749.6696416312,2020-12-11,2020-12-11,1,17.0,1,17.0
43166184.7921844342,2020-11-03,2020-11-03,1,17.0,2,17.0
4418230.6765916297,2020-12-03,2020-12-03,1,17.0,4,17.0
32231127.3526233643,2020-12-06,2020-12-06,1,17.0,1,17.0
4404869.0998982911,2020-11-06,2020-11-06,1,17.0,1,17.0
56085302.1633432749,2021-01-27,2021-01-27,2,17.0,2,8.5
1207697.7765216065,2020-11-17,2020-11-17,1,17.0,1,17.0
13514937.5999371679,2021-01-30,2021-01-30,1,17.0,1,17.0
45496216.9206092900,2020-12-23,2020-12-23,1,17.0,4,17.0
91589045.5932971125,2020-12-16,2020-12-16,1,17.0,4,17.0
10397941.7201732268,2020-12-16,2020-12-16,1,17.0,1,17.0
27553430.2739926999,2020-12-11,2020-12-11,1,17.0,2,17.0
42091261.9216222861,2020-12-07,2020-12-07,1,17.0,1,17.0
5823061.9157756741,2020-11-11,2020-11-11,1,17.0,6,17.0
21404027.8691114246,2020-11-08,2020-11-08,1,17.0,1,17.0
19228473.0788389972,2020-12-25,2020-12-25,1,17.0,3,17.0
8455928.7124581689,2020-12-08,2020-12-08,1,16.0,2,16.0
4554126.3663658204,2020-12-02,2020-12-02,1,16.0,2,16.0
5892772292.7134057323,2020-11-04,2020-11-04,1,16.0,1,16.0
55183693.0038159450,2020-12-17,2020-12-17,1,16.0,1,16.0
8674320.3968322986,2020-11-25,2020-11-25,1,16.0,1,16.0
33280841.1628915296,2021-01-03,2021-01-03,1,16.0,1,16.0
43491287.8048650889,2020-12-21,2020-12-21,1,16.0,1,16.0
85164885.2090345688,2021-01-21,2021-01-21,1,16.0,1,16.0
6907870.6816785534,2021-01-24,2021-01-24,1,16.0,1,16.0
4151776.6876892281,2021-01-22,2021-01-22,1,16.0,1,16.0
5106767.9563243336,2021-01-23,2021-01-23,1,16.0,4,16.0
2042006.9621869558,2020-12-01,2020-12-01,1,16.0,1,16.0
75363582.3498268228,2021-01-30,2021-01-30,1,16.0,2,16.0
7987433.0547250841,2020-11-26,2020-11-26,1,16.0,1,16.0
43389046.2082927171,2020-11-12,2020-11-12,1,16.0,1,16.0
5998553.8301132552,2020-12-18,2020-12-18,1,16.0,1,16.0
4808186.2033160499,2020-11-12,2020-11-12,1,16.0,1,16.0
68200712.6673181472,2020-11-12,2020-11-12,1,16.0,3,16.0
87116489.5307133653,2020-12-31,2020-12-31,1,16.0,1,16.0
6842193.0748348828,2020-11-16,2020-11-16,1,16.0,2,16.0
4766068.4048598783,2020-12-09,2020-12-09,1,16.0,1,16.0
5107382543.8207680939,2021-01-27,2021-01-27,1,16.0,1,16.0
1772610.2535570925,2020-11-16,2020-11-16,1,16.0,1,16.0
41219861.0962256916,2020-11-25,2020-11-25,1,16.0,1,16.0
6914686.3875409654,2020-12-12,2020-12-12,1,16.0,1,16.0
4958191.3484019469,2020-12-19,2020-12-19,1,16.0,2,16.0
7184503.5694706863,2020-12-04,2020-12-04,1,16.0,1,16.0
2879559328.6114740318,2020-12-08,2020-12-08,1,16.0,1,16.0
76850448.7671717404,2020-12-08,2020-12-08,1,16.0,1,16.0
40865346.7588861188,2020-12-05,2020-12-05,1,16.0,2,16.0
6503894.5603898018,2020-11-27,2020-11-27,1,16.0,7,16.0
12921729.7383461315,2020-11-12,2020-11-12,1,16.0,1,16.0
65868001.1285724857,2021-01-19,2021-01-19,1,16.0,1,16.0
10591789.5477795667,2020-12-16,2020-12-16,1,16.0,1,16.0
6023477.7138695000,2020-11-06,2020-11-06,1,16.0,1,16.0
2026570.1660036366,2020-11-20,2020-11-20,1,16.0,2,16.0
6510035.0529463945,2020-11-09,2020-11-09,1,16.0,1,16.0
3181213.5173298187,2020-12-16,2020-12-16,1,16.0,1,16.0
43167694.9021346768,2021-01-27,2021-01-27,2,16.0,1,8.0
3656062.7172376657,2021-01-25,2021-01-25,1,16.0,1,16.0
2504014.4277661262,2020-12-08,2020-12-08,1,16.0,1,16.0
3925352.7354106331,2020-11-17,2020-11-17,1,16.0,1,16.0
5475603.0389778212,2020-11-18,2020-11-18,1,16.0,1,16.0
73636053.4889927037,2020-12-11,2020-12-11,1,16.0,1,16.0
16155597.9846906900,2020-12-12,2020-12-12,1,16.0,1,16.0
4231129.5913164697,2020-12-20,2020-12-20,1,16.0,1,16.0
2248754.7783173763,2021-01-16,2021-01-16,1,16.0,2,16.0
68780200.6423809280,2021-01-04,2021-01-04,1,16.0,1,16.0
5183343.7058547491,2021-01-22,2021-01-22,1,16.0,4,16.0
85394891.9561309156,2020-12-09,2020-12-09,1,16.0,4,16.0
71736009.2610297967,2020-12-11,2020-12-11,1,16.0,1,16.0
6372054.7429791043,2020-12-10,2020-12-10,1,16.0,1,16.0
3284425.1246992376,2021-01-22,2021-01-22,1,16.0,1,16.0
4807476.3324701251,2020-12-08,2020-12-08,1,16.0,2,16.0
8348184265.5640136978,2020-11-20,2020-11-20,1,16.0,10,16.0
56460399.1194105799,2021-01-07,2021-01-07,1,16.0,1,16.0
4314095.2450093066,2020-12-29,2020-12-29,1,16.0,2,16.0
58494000.3106433806,2021-01-23,2021-01-23,1,16.0,1,16.0
8269107.5312843213,2020-12-22,2021-01-30,2,16.0,1,8.0
73432329.6542458279,2020-12-13,2020-12-13,1,16.0,1,16.0
8690699.3669256403,2020-11-04,2020-11-04,1,16.0,1,16.0
6507726.8917893919,2020-12-21,2020-12-21,1,16.0,1,16.0
31203817.7278508915,2020-12-15,2020-12-15,1,16.0,1,16.0
59409935.1803617257,2021-01-15,2021-01-15,1,16.0,1,16.0
6726337.6675267552,2020-12-21,2020-12-21,1,16.0,1,16.0
52669317.3821594758,2021-01-07,2021-01-07,1,16.0,1,16.0
80851576.6492799404,2020-12-03,2020-12-03,1,16.0,2,16.0
37567373.0394049260,2020-12-29,2020-12-29,1,16.0,1,16.0
27863624.7256240425,2021-01-27,2021-01-27,1,16.0,1,16.0
26101027.9336397994,2021-01-14,2021-01-14,1,16.0,2,16.0
65858286.2730201992,2021-01-25,2021-01-25,1,16.0,2,16.0
50497945.7749506520,2021-01-22,2021-01-22,1,16.0,1,16.0
89456710.6774616218,2021-01-08,2021-01-08,1,16.0,1,16.0
1254234.7247356243,2020-12-03,2020-12-03,1,16.0,1,16.0
3776054.3479849754,2020-11-15,2020-11-15,1,16.0,1,16.0
27561053.0859597448,2020-11-24,2020-11-24,1,16.0,2,16.0
13824849.4687242731,2020-12-01,2020-12-01,1,15.0,5,15.0
57630054.8770333743,2020-11-13,2020-11-13,1,15.0,1,15.0
50725646.9290345522,2020-11-24,2020-11-24,1,15.0,3,15.0
22753922.9124622984,2021-01-15,2021-01-15,1,15.0,1,15.0
5472986.9783376507,2020-11-06,2020-11-06,1,15.0,2,15.0
8198859.3778829440,2020-11-08,2020-11-08,1,15.0,3,15.0
9122125.3213698084,2020-12-17,2020-12-17,1,15.0,2,15.0
29659184.3200898552,2020-12-10,2020-12-10,1,15.0,2,15.0
3281707.1009254638,2021-01-18,2021-01-18,1,15.0,9,15.0
66923823.1806014019,2020-12-01,2020-12-01,1,15.0,2,15.0
36156512.6793363107,2020-12-22,2020-12-22,1,15.0,1,15.0
7525051.3431922932,2021-01-21,2021-01-21,1,15.0,2,15.0
5640270.2841313070,2020-12-10,2020-12-10,1,15.0,2,15.0
1888230.0570611298,2020-12-02,2020-12-02,1,15.0,3,15.0
78492870.6468912978,2020-12-04,2020-12-04,1,15.0,2,15.0
5257023.2131424569,2021-01-03,2021-01-03,1,15.0,1,15.0
14118593.2627050105,2020-12-04,2020-12-04,1,15.0,2,15.0
56979703.0000095038,2021-01-12,2021-01-12,1,14.0,1,14.0
7563529.3170258070,2020-11-25,2020-11-25,1,14.0,1,14.0
39843505.6953825231,2021-01-15,2021-01-15,1,14.0,1,14.0
62148781.8412472855,2021-01-22,2021-01-22,1,14.0,1,14.0
11704860.5685851852,2020-11-16,2020-11-16,1,14.0,1,14.0
6759062.8933947932,2020-11-11,2020-11-11,1,14.0,1,14.0
25084453.1631449315,2020-11-13,2020-11-13,1,14.0,1,14.0
7800727.3747729952,2020-12-04,2020-12-04,1,14.0,1,14.0
5416604749.0858960731,2021-01-25,2021-01-25,1,14.0,2,14.0
97146775.1973953571,2021-01-23,2021-01-23,1,14.0,1,14.0
85466983.8102126141,2020-11-29,2020-11-29,1,14.0,1,14.0
91825571.8059920508,2020-12-16,2020-12-16,1,14.0,1,14.0
6882515.8996618091,2020-12-02,2020-12-02,1,14.0,1,14.0
60912152.9190191451,2020-11-30,2020-11-30,1,14.0,1,14.0
61777800.1566735080,2020-11-24,2020-11-24,1,14.0,1,14.0
90006388.1386753150,2020-12-17,2020-12-17,1,14.0,1,14.0
17014639.4683614336,2020-12-29,2020-12-29,1,14.0,1,14.0
5483935.0640320145,2020-12-10,2020-12-10,1,14.0,1,14.0
2779060.1573947955,2020-12-11,2020-12-11,1,14.0,1,14.0
3193748.4688093203,2020-11-13,2020-11-13,1,14.0,1,14.0
2486846.9299481244,2020-12-16,2020-12-16,1,14.0,1,14.0
72227997.0657116551,2020-12-09,2020-12-09,1,14.0,1,14.0
11804455.8043636728,2020-12-04,2020-12-04,1,14.0,1,14.0
11106892.6823829951,2020-12-01,2020-12-01,1,14.0,1,14.0
73096267.0337371957,2020-11-05,2020-11-05,1,14.0,1,14.0
9618916.8925649010,2020-12-17,2020-12-17,1,14.0,1,14.0
6151599.7547010396,2020-11-13,2020-11-13,1,14.0,2,14.0
80632671.7018896021,2020-12-14,2020-12-14,1,14.0,1,14.0
88609982.3067509014,2020-12-10,2020-12-10,1,14.0,1,14.0
1924508.4688592165,2020-12-01,2020-12-01,1,14.0,1,14.0
1597302.4432852477,2021-01-13,2021-01-13,1,14.0,1,14.0
7457444792.5740540830,2020-12-03,2020-12-03,1,14.0,1,14.0
75936532.1243464726,2020-12-08,2020-12-08,1,14.0,1,14.0
44810382.7311730027,2021-01-04,2021-01-04,1,14.0,4,14.0
5315363.0230026524,2020-11-18,2020-11-18,1,14.0,1,14.0
6810577.5817571027,2020-12-09,2020-12-09,1,14.0,1,14.0
3297728.5602497021,2021-01-21,2021-01-26,2,14.0,3,7.0
8579773.8025468958,2021-01-16,2021-01-16,1,14.0,1,14.0
89869837.0474393502,2020-12-01,2020-12-01,1,14.0,1,14.0
6057124.3899926429,2020-12-03,2020-12-03,1,14.0,1,14.0
2110079.7055072364,2020-12-12,2020-12-12,1,14.0,1,14.0
57965823.6355901348,2020-11-30,2020-11-30,1,14.0,1,14.0
20968096.2144566926,2020-12-29,2020-12-29,1,14.0,1,14.0
60647402.4295237276,2020-12-06,2020-12-06,1,14.0,1,14.0
70070374.0319399848,2020-11-27,2020-11-27,1,14.0,4,14.0
7634450.7489916014,2021-01-03,2021-01-03,1,14.0,1,14.0
2844031.7480387802,2020-12-16,2020-12-16,1,14.0,1,14.0
3808964.8830918987,2020-12-25,2020-12-25,1,14.0,1,14.0
10771534.1107960558,2021-01-28,2021-01-28,1,14.0,8,14.0
60519873.4627231601,2020-12-04,2020-12-04,1,14.0,4,14.0
9123305447.7023614255,2020-12-21,2020-12-21,1,14.0,1,14.0
2364862.0108372853,2020-12-27,2020-12-27,1,14.0,1,14.0
68913644.8801660890,2020-12-10,2020-12-10,1,14.0,1,14.0
88367970.2111524274,2020-11-28,2020-11-28,1,14.0,1,14.0
30970636.0210409460,2020-11-19,2020-11-19,1,14.0,2,14.0
67141422.4526868236,2020-12-05,2020-12-05,1,14.0,1,14.0
88252620.9272679238,2020-12-18,2020-12-18,1,14.0,1,14.0
3376047.9128522886,2020-12-08,2020-12-08,1,14.0,1,14.0
53957273.1773663612,2020-12-12,2020-12-12,1,14.0,1,14.0
3024189.6101670146,2021-01-02,2021-01-02,1,13.0,1,13.0
3605236.0985181140,2020-12-15,2020-12-15,1,13.0,2,13.0
11422508.1200893075,2020-11-06,2020-11-06,1,13.0,2,13.0
4330656.2276757747,2020-12-03,2020-12-03,1,13.0,1,13.0
30553401.5304743136,2020-12-06,2020-12-06,1,13.0,1,13.0
6081323.0622316805,2021-01-11,2021-01-11,1,13.0,3,13.0
45529743.2756914140,2021-01-05,2021-01-05,1,13.0,1,13.0
5418808005.3102201293,2020-12-16,2020-12-16,1,13.0,1,13.0
55431745.7605340054,2020-12-03,2020-12-03,1,13.0,4,13.0
5119225.7729574873,2020-12-15,2020-12-15,1,13.0,1,13.0
69422630.5424369871,2020-11-17,2020-11-17,1,13.0,1,13.0
76048408.3088751594,2020-12-14,2020-12-14,1,13.0,1,13.0
51433042.8245699116,2020-11-29,2020-11-29,1,13.0,1,13.0
1186702.7722664257,2020-12-11,2020-12-11,1,13.0,1,13.0
1845677.6976017446,2020-11-10,2020-11-10,1,13.0,4,13.0
47848518.2208811373,2020-12-12,2020-12-12,1,13.0,1,13.0
4291080.4811254869,2021-01-22,2021-01-22,1,13.0,1,13.0
80575542.4037219758,2020-12-12,2020-12-12,1,13.0,1,13.0
11258187.3799854087,2020-11-03,2020-11-03,1,13.0,2,13.0
41651272.6663629996,2020-12-14,2020-12-14,1,13.0,1,13.0
1482920.5399544265,2020-12-09,2020-12-09,1,13.0,1,13.0
4414871.1268073864,2020-12-11,2020-12-11,1,13.0,1,13.0
31534674.8755593671,2021-01-28,2021-01-28,1,13.0,1,13.0
94722330.1370120530,2021-01-24,2021-01-24,1,13.0,1,13.0
6103545.9668651529,2021-01-08,2021-01-08,1,13.0,1,13.0
64559895.4607833037,2021-01-12,2021-01-12,1,13.0,1,13.0
6097102.6516338254,2021-01-04,2021-01-04,1,13.0,1,13.0
12635392.6392715364,2020-12-17,2020-12-17,1,13.0,1,13.0
4121733.2351043117,2020-11-16,2020-11-16,1,13.0,1,13.0
66514997.2920888073,2020-12-03,2020-12-03,1,13.0,2,13.0
5305364.2787310907,2020-11-10,2020-11-10,1,13.0,1,13.0
3323630.2242579330,2020-11-18,2020-11-18,1,13.0,2,13.0
86811303.5548075805,2020-12-16,2020-12-16,1,13.0,1,13.0
33597428.6373883888,2021-01-22,2021-01-22,1,13.0,1,13.0
7321267.6633082138,2020-12-29,2020-12-29,1,13.0,1,13.0
32150941.2960979703,2020-12-22,2020-12-22,1,13.0,1,13.0
68281659.9581386964,2021-01-06,2021-01-06,1,13.0,1,13.0
1899612.8238628379,2020-12-08,2020-12-08,1,13.0,2,13.0
8520754.9083745403,2020-12-14,2020-12-14,1,13.0,1,13.0
7351481.8873053183,2020-12-22,2020-12-22,1,13.0,1,13.0
3415609.9717719748,2020-11-28,2020-11-28,1,13.0,1,13.0
68775886.1820194721,2020-12-03,2020-12-03,1,13.0,1,13.0
55546439.3506549560,2020-11-28,2020-11-28,1,13.0,1,13.0
74972717.1202590271,2021-01-05,2021-01-05,1,13.0,1,13.0
91875291.2902344333,2020-11-24,2020-11-24,1,13.0,3,13.0
81691186.8329038327,2020-11-07,2020-11-07,1,13.0,1,13.0
67694191.0095135961,2021-01-18,2021-01-18,1,13.0,1,13.0
4075022.3227633472,2020-11-01,2020-11-01,1,13.0,1,13.0
49433987.5928820539,2020-12-18,2020-12-18,1,13.0,1,13.0
90787481.6558887535,2021-01-13,2021-01-13,1,13.0,1,13.0
40330172.7053220423,2020-11-27,2020-11-27,1,13.0,4,13.0
7008909.0296793733,2021-01-22,2021-01-22,1,13.0,3,13.0
7933980.0073382229,2021-01-21,2021-01-21,1,13.0,1,13.0
85925370.4835043900,2021-01-19,2021-01-19,1,13.0,1,13.0
183705312.7034973571,2020-12-06,2020-12-06,1,13.0,1,13.0
83825447.2353676294,2021-01-22,2021-01-22,1,13.0,1,13.0
2009963.7195385463,2020-12-14,2020-12-14,1,13.0,2,13.0
8736894.0863287130,2020-11-16,2020-11-16,1,13.0,1,13.0
42899000.7454943172,2020-11-26,2020-11-26,1,13.0,1,13.0
76568713.5662041611,2020-12-10,2020-12-10,1,13.0,2,13.0
12720798.7319314400,2020-11-29,2020-11-29,1,13.0,1,13.0
64149999.5594434074,2021-01-20,2021-01-20,1,12.0,1,12.0
5982257.3675354568,2020-11-27,2020-11-27,1,12.0,1,12.0
67251653.8910982513,2020-12-12,2020-12-15,2,12.0,2,6.0
3718073.8242589031,2020-11-11,2020-11-11,1,12.0,1,12.0
6374509.0554738373,2020-11-26,2020-11-26,1,12.0,2,12.0
8145084.5899177058,2020-11-10,2020-11-10,1,12.0,2,12.0
80277576.8732584188,2020-11-10,2020-11-10,1,12.0,3,12.0
37052831.8526706612,2020-12-13,2020-12-13,1,12.0,2,12.0
32154989.6806202027,2020-12-21,2020-12-21,1,12.0,1,12.0
50884028.1034896087,2021-01-26,2021-01-26,1,12.0,1,12.0
1650778.5848737470,2020-12-11,2020-12-11,2,12.0,2,6.0
27584951.2526782041,2020-11-16,2020-11-16,1,12.0,1,12.0
8360772.3122902941,2020-12-03,2020-12-03,1,12.0,3,12.0
74338699.5616778994,2021-01-15,2021-01-15,1,12.0,3,12.0
69662510.3193519179,2020-11-06,2020-11-06,1,12.0,1,12.0
68241082.4024244172,2020-12-14,2020-12-14,1,12.0,2,12.0
85126752.5809296257,2020-12-02,2020-12-02,1,12.0,4,12.0
38517726.1623544589,2020-11-10,2020-11-10,1,12.0,1,12.0
30687601.7675908534,2021-01-08,2021-01-08,1,12.0,1,12.0
65083326.2702378833,2020-11-30,2020-11-30,1,12.0,1,12.0
8606659.7522752353,2020-11-03,2020-11-03,1,12.0,2,12.0
3654745.3297366605,2021-01-12,2021-01-12,1,12.0,1,12.0
2264577.0020880649,2020-11-28,2020-11-28,1,12.0,1,12.0
22909370.2921134609,2021-01-15,2021-01-15,1,12.0,1,12.0
67748708.7656271112,2020-12-06,2020-12-06,1,12.0,1,12.0
75172123.3799021217,2021-01-19,2021-01-19,1,12.0,1,12.0
47410209.4631530963,2021-01-10,2021-01-10,1,12.0,1,12.0
3361034.4507376856,2021-01-21,2021-01-21,1,12.0,1,12.0
78839661.7033676134,2021-01-02,2021-01-02,1,12.0,6,12.0
55795512.5087892606,2020-11-07,2020-11-07,1,11.0,1,11.0
7597932.2397600441,2020-12-11,2020-12-11,1,11.0,1,11.0
51954044.7234105463,2021-01-02,2021-01-02,1,11.0,3,11.0
44227277.9722264913,2020-12-22,2020-12-22,1,11.0,1,11.0
30279612.0796589091,2020-12-07,2020-12-07,1,11.0,4,11.0
72884242.1035011217,2020-12-16,2020-12-16,1,11.0,1,11.0
46273316.9937478779,2021-01-12,2021-01-12,1,11.0,1,11.0
3662209.5712951495,2020-11-03,2020-11-03,1,11.0,3,11.0
16792960.6856169915,2020-12-10,2020-12-10,1,11.0,1,11.0
34598529.4237983059,2021-01-17,2021-01-17,1,11.0,4,11.0
8094052.1003317980,2020-12-23,2020-12-23,1,11.0,1,11.0
59643921.1694992453,2021-01-04,2021-01-04,1,11.0,3,11.0
70711300.6204864553,2020-11-03,2020-11-03,1,11.0,4,11.0
8085870.4266766835,2021-01-11,2021-01-11,1,11.0,6,11.0
17457644.0722062090,2020-11-06,2020-11-06,1,11.0,1,11.0
6918448.4186180278,2020-12-25,2020-12-25,1,11.0,1,11.0
1382276.2000605067,2020-12-26,2020-12-26,1,11.0,3,11.0
7862002.2519400746,2020-12-08,2020-12-08,1,11.0,2,11.0
86121936.2933288658,2021-01-21,2021-01-21,1,11.0,8,11.0
6366425.0368202562,2020-12-11,2020-12-11,1,11.0,2,11.0
39355591.8399830036,2020-11-30,2020-11-30,1,11.0,3,11.0
27333015.4039048206,2021-01-12,2021-01-12,1,11.0,1,11.0
44827519.0721046563,2020-12-04,2020-12-04,1,11.0,2,11.0
31371338.9975214909,2020-12-01,2020-12-01,1,11.0,1,11.0
78207562.9231433824,2021-01-04,2021-01-04,1,11.0,3,11.0
22569812.5704867046,2020-12-12,2020-12-12,1,11.0,3,11.0
11324968.3542327533,2020-11-11,2020-11-11,1,10.0,1,10.0
8182020.1465119607,2020-12-10,2020-12-10,1,10.0,1,10.0
7738401.2659078427,2020-12-17,2020-12-17,1,10.0,2,10.0
80690641.6797441583,2020-12-09,2020-12-09,1,10.0,1,10.0
1602466.3255340626,2020-12-11,2020-12-11,1,10.0,1,10.0
8808706.6279424881,2021-01-26,2021-01-26,1,10.0,1,10.0
6311586.5449558547,2020-11-08,2020-11-08,1,10.0,1,10.0
78364891.2854111719,2020-12-12,2020-12-12,1,10.0,1,10.0
8478040283.7405308990,2020-12-16,2020-12-16,1,10.0,1,10.0
10211474.7929477742,2020-12-18,2020-12-18,1,10.0,1,10.0
63530640.3666612990,2020-12-27,2020-12-27,1,10.0,1,10.0
15903616.8819952603,2020-11-18,2020-11-18,1,10.0,2,10.0
53263817.5868509099,2020-11-13,2020-11-13,1,10.0,2,10.0
54971191.9192770128,2020-11-13,2020-11-13,1,10.0,2,10.0
20292998.6728029825,2021-01-20,2021-01-20,1,10.0,1,10.0
73251245.3210161348,2020-12-12,2020-12-12,1,10.0,1,10.0
3453405.5986775605,2021-01-21,2021-01-21,1,10.0,3,10.0
14297513.2705476236,2020-11-02,2020-11-02,1,10.0,3,10.0
57736746.4807313510,2021-01-26,2021-01-26,1,10.0,1,10.0
37639821.8285333587,2021-01-20,2021-01-20,1,10.0,1,10.0
1270280.9040724429,2020-11-07,2020-11-07,1,10.0,1,10.0
6964077.2220093169,2020-12-22,2020-12-22,1,10.0,1,10.0
6427241.3275317189,2020-12-12,2020-12-12,1,10.0,1,10.0
2346008.0354634581,2020-12-11,2020-12-11,1,10.0,1,10.0
8992560.0877088817,2020-12-03,2020-12-03,1,10.0,1,10.0
73317479.4306868663,2020-12-31,2020-12-31,1,10.0,1,10.0
24897047.2200127337,2020-11-25,2020-11-25,1,10.0,2,10.0
4618534.6319990306,2020-11-09,2020-11-09,1,10.0,5,10.0
81574425.5434958788,2020-12-28,2020-12-28,1,10.0,1,10.0
73713109.3868001160,2021-01-16,2021-01-16,1,10.0,5,10.0
6171433.4572198027,2020-12-14,2020-12-14,1,10.0,1,10.0
20687527.9358545857,2020-12-04,2020-12-04,1,10.0,1,10.0
2298178.8963133176,2021-01-11,2021-01-11,1,10.0,2,10.0
24202040.2600884676,2021-01-23,2021-01-23,1,10.0,1,10.0
67050800.3768789367,2020-12-09,2020-12-09,1,10.0,1,10.0
16477800.9247058873,2020-11-09,2020-11-09,1,10.0,1,10.0
89722190.8281663787,2020-12-12,2020-12-12,1,10.0,1,10.0
62352188.0721262860,2020-11-30,2020-11-30,1,8.0,1,8.0
4141515.9985248683,2020-12-28,2020-12-28,2,8.0,3,4.0
2644910.8341124073,2020-12-24,2020-12-24,1,8.0,1,8.0
75336556.8734149504,2021-01-07,2021-01-07,1,8.0,2,8.0
45089539.3509396620,2020-11-27,2020-11-27,1,8.0,1,8.0
1202924.2970944481,2020-11-11,2020-11-11,1,8.0,3,8.0
8692137.5304436767,2020-12-10,2020-12-10,1,8.0,1,8.0
5311007.5669893427,2020-12-22,2020-12-22,1,8.0,2,8.0
89270935.6212519018,2020-12-07,2020-12-07,1,8.0,3,8.0
16530829.9078909117,2021-01-23,2021-01-23,1,8.0,1,8.0
6436495.4831121763,2021-01-09,2021-01-09,1,8.0,2,8.0
37953752.8813178816,2020-12-12,2020-12-12,1,8.0,1,8.0
90939360.3504532010,2020-12-11,2020-12-11,1,8.0,1,8.0
44589429.9068358520,2020-12-10,2020-12-10,1,8.0,1,8.0
50683324.7270306410,2021-01-23,2021-01-23,1,8.0,2,8.0
17663569.1229629383,2020-11-12,2020-11-12,1,8.0,1,8.0
41365261.9493282861,2020-12-07,2020-12-07,1,8.0,2,8.0
6429413943.0975708335,2020-11-30,2020-11-30,1,7.0,1,7.0
11945447.0918586260,2020-12-19,2020-12-19,1,7.0,1,7.0
75832834.9618965919,2020-11-11,2020-11-11,1,7.0,1,7.0
24851076.8537081033,2020-11-17,2020-11-17,1,7.0,1,7.0
2428522809.5367733841,2020-12-01,2020-12-01,1,7.0,1,7.0
6135662.0853737840,2020-12-26,2020-12-26,1,7.0,2,7.0
1055969.5872512303,2021-01-02,2021-01-02,1,7.0,1,7.0
39863558.9837366701,2020-12-03,2020-12-03,1,7.0,5,7.0
7833704.5580277942,2020-12-17,2020-12-17,1,7.0,1,7.0
73986057.2041280748,2021-01-11,2021-01-11,1,7.0,1,7.0
45515994.4994616672,2020-12-15,2020-12-15,1,7.0,1,7.0
5961617.0404314603,2020-12-13,2020-12-13,1,7.0,5,7.0
87866076.0273401847,2020-12-06,2020-12-06,1,7.0,1,7.0
34116301.2167862940,2021-01-23,2021-01-23,1,6.0,1,6.0
8487535.9891736468,2020-12-15,2020-12-15,1,6.0,2,6.0
3204923446.0487126458,2020-12-12,2020-12-12,1,6.0,1,6.0
87037606.3003629319,2020-12-30,2020-12-30,1,6.0,3,6.0
4295503.4410846501,2020-11-13,2020-11-13,1,6.0,3,6.0
52894872.0536016864,2020-12-23,2020-12-23,1,6.0,1,6.0
4650505.5425107709,2020-11-16,2020-11-16,1,6.0,2,6.0
6115983.2241878817,2021-01-05,2021-01-05,1,6.0,1,6.0
9004033.5064832188,2020-11-25,2020-11-25,1,6.0,3,6.0
31877872.8352061999,2020-12-15,2020-12-15,1,6.0,2,6.0
6266299.1262642458,2021-01-08,2021-01-08,1,6.0,2,6.0
8957437.5212346812,2020-12-13,2020-12-13,1,6.0,2,6.0
4186566475.6049578820,2020-12-21,2020-12-21,1,6.0,1,6.0
2372140.2300669362,2020-11-27,2020-11-27,1,6.0,1,6.0
1278360068.4465103378,2021-01-08,2021-01-08,1,5.0,1,5.0
41434088.5731372054,2020-11-18,2020-11-18,1,5.0,1,5.0
5222739.2906073787,2021-01-17,2021-01-17,1,5.0,2,5.0
31417474.8321346201,2021-01-25,2021-01-25,1,5.0,3,5.0
64369991.1110095428,2021-01-27,2021-01-27,1,5.0,3,5.0
8016178.0613025896,2020-11-18,2020-11-18,1,5.0,4,5.0
53286533.3814661403,2021-01-29,2021-01-29,1,5.0,1,5.0
1461470.1796917150,2021-01-18,2021-01-18,1,5.0,1,5.0
76327181.8386187810,2020-12-08,2020-12-08,1,5.0,1,5.0
3560826.6054676225,2020-11-24,2020-11-24,1,5.0,2,5.0
7354267.9958333376,2020-12-05,2020-12-05,1,5.0,1,5.0
3296353.3679123615,2020-12-01,2020-12-01,1,4.0,1,4.0
1147529.6357293919,2020-11-05,2020-11-05,1,4.0,1,4.0
68848831.9499415626,2021-01-28,2021-01-28,1,4.0,2,4.0
35099940.6327075444,2020-12-12,2020-12-12,1,4.0,1,4.0
5913248.4085121546,2021-01-29,2021-01-29,1,4.0,1,4.0
3171793.2248385078,2020-11-07,2020-11-07,1,4.0,2,4.0
4915314.7588707209,2020-12-27,2020-12-27,1,4.0,3,4.0
57342905.1174047056,2021-01-15,2021-01-15,1,3.0,1,3.0
14107430.8136146352,2020-12-03,2020-12-03,1,3.0,1,3.0
50121199.4323445332,2020-11-30,2020-11-30,1,3.0,1,3.0
4853857.3181516287,2020-12-08,2020-12-08,1,3.0,1,3.0
75317932.0666442596,2020-11-09,2020-11-09,1,3.0,1,3.0
92543812.4801771743,2020-12-12,2020-12-12,1,3.0,1,3.0
22300841.9909876299,2021-01-03,2021-01-03,1,2.0,1,2.0
4268698.4893393516,2020-11-24,2020-11-24,1,2.0,3,2.0
2474293.7483038472,2020-11-11,2020-11-11,1,1.0,1,1.0
56920896.3476155826,2020-11-10,2020-11-11,2,0.0,0,0.0
31035575.9910731807,2020-11-20,2020-11-20,1,0.0,0,0.0
5030691.8350193553,2021-01-29,2021-01-29,1,0.0,0,0.0
6847380.6532537312,2021-01-28,2021-01-28,1,0.0,0,0.0
76034714.5172119749,2020-12-08,2020-12-08,1,0.0,0,0.0
48568013.6801171570,2021-01-23,2021-01-23,1,0.0,0,0.0
8634838.1458470051,2020-12-14,2020-12-14,1,0.0,0,0.0
3098302.0062773755,2021-01-14,2021-01-14,1,0.0,0,0.0
64087102.2456314175,2020-11-20,2020-11-20,1,0.0,0,0.0
3599399.6686694108,2021-01-26,2021-01-26,1,0.0,0,0.0
38464629.8960208190,2020-11-20,2020-11-20,1,0.0,0,0.0
49205717.2039918579,2020-12-06,2020-12-06,1,0.0,0,0.0
6212957.4551534885,2021-01-28,2021-01-28,1,0.0,0,0.0
60380275.2147201126,2021-01-31,2021-01-31,1,0.0,0,0.0
5653281.3232341158,2020-12-15,2020-12-15,1,0.0,0,0.0
68904009.7671612246,2021-01-30,2021-01-30,1,0.0,0,0.0
71987837.5870418470,2020-12-09,2020-12-09,1,0.0,0,0.0
34317559.7148954604,2021-01-27,2021-01-27,1,0.0,0,0.0
84278607.3791995324,2021-01-31,2021-01-31,1,0.0,0,0.0
7195975.1014288023,2021-01-27,2021-01-27,1,0.0,0,0.0
5450574.2922754541,2021-01-29,2021-01-29,1,0.0,0,0.0
89081962.5580181371,2021-01-29,2021-01-29,1,0.0,0,0.0
36921495.1660009263,2020-11-20,2020-11-20,1,0.0,0,0.0
38040264.0856638527,2021-01-28,2021-01-28,1,0.0,0,0.0
55104787.0224772643,2021-01-30,2021-01-30,1,0.0,0,0.0
6596652961.1677282072,2021-01-14,2021-01-14,1,0.0,0,0.0
5889675.3540208860,2021-01-29,2021-01-29,1,0.0,0,0.0
32216806.7712573450,2021-01-28,2021-01-28,1,0.0,0,0.0
1362228.4966015575,2021-01-28,2021-01-28,1,0.0,0,0.0
48751682.0323834062,2020-12-30,2020-12-30,14,0.0,0,0.0
6287569.1869835147,2021-01-29,2021-01-29,1,0.0,0,0.0
40037626.5183269370,2021-01-15,2021-01-15,1,0.0,0,0.0
2972054.4725264181,2020-12-11,2020-12-11,1,0.0,0,0.0
3909995.5535309633,2021-01-27,2021-01-27,1,0.0,0,0.0
68353186.1371180413,2020-12-11,2020-12-11,1,0.0,0,0.0
73549247.9231269047,2021-01-28,2021-01-28,1,0.0,0,0.0
48339324.0547985746,2021-01-30,2021-01-30,1,0.0,0,0.0
83275012.7274119616,2021-01-26,2021-01-26,1,0.0,0,0.0
1631937.5426151197,2021-01-28,2021-01-28,1,0.0,0,0.0
43954182.0581034502,2021-01-27,2021-01-27,1,0.0,0,0.0
10702974.0923572591,2021-01-30,2021-01-30,1,0.0,0,0.0
6520237.9251627744,2020-12-02,2020-12-02,1,0.0,0,0.0
75627242.1231916491,2020-11-27,2020-11-27,1,0.0,0,0.0
7030074.3251588489,2020-12-13,2020-12-13,1,0.0,0,0.0
8571843.9058320381,2021-01-26,2021-01-26,2,0.0,0,0.0
25559255.0473451895,2021-01-26,2021-01-26,1,0.0,0,0.0
50147423.8005628256,2020-12-15,2020-12-15,1,0.0,0,0.0
56455488.8645523099,2020-11-26,2020-11-26,1,0.0,0,0.0
1396855.2660738879,2020-12-13,2020-12-13,1,0.0,0,0.0
2064040.6195727928,2021-01-29,2021-01-29,1,0.0,0,0.0
1540308157.4120074434,2020-12-10,2020-12-10,1,0.0,0,0.0
6331004.1538906239,2021-01-31,2021-01-31,1,0.0,0,0.0
7707718.4049090286,2021-01-29,2021-01-29,1,0.0,0,0.0
6694500.7189590303,2021-01-28,2021-01-28,1,0.0,0,0.0
16936939.1851914312,2021-01-20,2021-01-20,1,0.0,0,0.0
55601747.6727525025,2020-11-19,2020-11-19,1,0.0,0,0.0
6801821.5367611951,2021-01-31,2021-01-31,2,0.0,0,0.0
35032140.6046092795,2020-12-05,2020-12-05,1,0.0,0,0.0
17270185.4245519703,2020-12-09,2020-12-09,1,0.0,0,0.0
3398472.6191412239,2020-12-03,2020-12-03,1,0.0,0,0.0
5240053.0256089240,2020-12-22,2020-12-22,1,0.0,0,0.0
8306051.0147360081,2021-01-30,2021-01-30,1,0.0,0,0.0
91491167.7086909916,2021-01-31,2021-01-31,1,0.0,0,0.0
50628919.2386697155,2021-01-29,2021-01-29,1,0.0,0,0.0
88126277.5389735832,2021-01-28,2021-01-28,12,0.0,0,0.0
1617434.1535145542,2021-01-31,2021-01-31,2,0.0,0,0.0
7296845.4997447007,2021-01-02,2021-01-02,1,0.0,0,0.0
9202815833.2374673362,2020-12-15,2020-12-15,1,0.0,0,0.0
4373935.5876236286,2020-11-23,2020-11-23,1,0.0,0,0.0
85093126.5834572152,2021-01-27,2021-01-29,2,0.0,0,0.0
40923418.8734148429,2021-01-08,2021-01-08,1,0.0,0,0.0
13429550.1174612381,2020-11-26,2020-11-26,1,0.0,0,0.0
2697787.2422183099,2020-11-21,2020-11-21,1,0.0,0,0.0
38159965.0502320731,2021-01-28,2021-01-28,1,0.0,0,0.0
2118084278.6088055731,2021-01-15,2021-01-15,1,0.0,0,0.0
7888827.4446333663,2021-01-29,2021-01-29,1,0.0,0,0.0
62991524.4066296592,2020-11-29,2020-11-29,1,0.0,0,0.0
26193735.7015779746,2021-01-28,2021-01-28,1,0.0,0,0.0
71569261.6020311131,2021-01-28,2021-01-28,1,0.0,0,0.0
8533898109.8642223999,2020-12-09,2020-12-09,1,0.0,0,0.0
40634293.9427059845,2021-01-28,2021-01-28,1,0.0,0,0.0
81702179.6343090113,2021-01-27,2021-01-27,1,0.0,0,0.0
6381676.9878308533,2021-01-30,2021-01-30,1,0.0,0,0.0
1559930.7416565217,2021-01-29,2021-01-29,1,0.0,0,0.0
5249976.9267752034,2021-01-24,2021-01-24,1,0.0,0,0.0
12422651.1912052672,2020-12-04,2020-12-04,1,0.0,0,0.0
70991146.6259919159,2021-01-28,2021-01-28,1,0.0,0,0.0
2921448.2882892445,2020-11-28,2020-11-28,1,0.0,0,0.0
6672674.0987533825,2021-01-29,2021-01-29,1,0.0,0,0.0
18359797.6054953015,2020-12-04,2020-12-04,1,0.0,0,0.0
6038543.2528906652,2021-01-27,2021-01-27,1,0.0,0,0.0
5582053276.6336066826,2021-01-30,2021-01-30,1,0.0,0,0.0
4782127.8379477531,2020-11-20,2020-11-20,1,0.0,0,0.0
5679613.3194532210,2020-12-11,2020-12-11,1,0.0,0,0.0
1086662.7438464093,2020-12-17,2020-12-17,1,0.0,0,0.0
7385163302.4274482131,2021-01-15,2021-01-15,1,0.0,0,0.0
77996608.4384679865,2021-01-07,2021-01-07,1,0.0,0,0.0
8563529.8876681695,2020-11-28,2020-11-28,1,0.0,0,0.0
72114822.2913147040,2021-01-28,2021-01-28,1,0.0,0,0.0
47629981.2636166951,2020-11-23,2020-11-23,1,0.0,0,0.0
88267963.6455731174,2020-11-22,2020-11-22,1,0.0,0,0.0
63060678.6269508391,2021-01-27,2021-01-27,1,0.0,0,0.0
27488559.4267170544,2021-01-19,2021-01-30,2,0.0,0,0.0
3234619280.3826964566,2021-01-28,2021-01-28,1,0.0,0,0.0
82699111.6908590067,2021-01-27,2021-01-27,1,0.0,0,0.0
2105240618.0152869707,2020-11-23,2020-11-23,1,0.0,0,0.0
3359780.0151704328,2020-12-20,2020-12-20,1,0.0,0,0.0
83031858.8235009982,2021-01-08,2021-01-08,1,0.0,0,0.0
2522139.8383510968,2021-01-29,2021-01-29,1,0.0,0,0.0
8079006.6650182195,2021-01-20,2021-01-20,1,0.0,0,0.0
2956449.1484352954,2021-01-29,2021-01-29,1,0.0,0,0.0
57586498.6941778356,2021-01-22,2021-01-22,1,0.0,0,0.0
58513817.5467633362,2021-01-29,2021-01-29,1,0.0,0,0.0
19659840.7317618179,2021-01-27,2021-01-27,1,0.0,0,0.0
54824213.8140196606,2021-01-31,2021-01-31,1,0.0,0,0.0
7808807.1210360176,2021-01-28,2021-01-28,1,0.0,0,0.0
59672683.7376655514,2021-01-12,2021-01-28,2,0.0,0,0.0
64415751.8833284088,2021-01-30,2021-01-30,1,0.0,0,0.0
2465265.7243532891,2021-01-31,2021-01-31,1,0.0,0,0.0
30091999.6062128760,2020-12-14,2020-12-14,1,0.0,0,0.0
6759360.4764720830,2020-11-28,2020-11-28,1,0.0,0,0.0
5492322788.7993357688,2021-01-22,2021-01-22,1,0.0,0,0.0
85143797.2924753997,2021-01-28,2021-01-28,1,0.0,0,0.0
46391489.2740731594,2021-01-13,2021-01-13,1,0.0,0,0.0
80598518.3764258754,2020-11-18,2020-11-18,1,0.0,0,0.0
72491659.8341700565,2020-11-19,2020-11-19,1,0.0,0,0.0
73574224.3287781006,2021-01-28,2021-01-28,1,0.0,0,0.0
34647657.3187094415,2021-01-28,2021-01-28,1,0.0,0,0.0
8987240644.1901564457,2021-01-29,2021-01-29,2,0.0,0,0.0
34851151.7805288077,2021-01-27,2021-01-27,1,0.0,0,0.0
55323533.7926126864,2021-01-31,2021-01-31,1,0.0,0,0.0
55069846.3105567454,2020-11-30,2020-11-30,1,0.0,0,0.0
62339222.8549151994,2021-01-26,2021-01-26,1,0.0,0,0.0
42832162.1664847488,2021-01-20,2021-01-20,1,0.0,0,0.0
51628969.7180687785,2020-12-01,2020-12-01,1,0.0,0,0.0
63215058.9209523148,2021-01-20,2021-01-20,1,0.0,0,0.0
8268852.4406584193,2021-01-31,2021-01-31,1,0.0,0,0.0
8319554.3205297084,2020-12-02,2020-12-02,1,0.0,0,0.0
21127466.2697319204,2021-01-27,2021-01-27,1,0.0,0,0.0
1146540.1921992520,2021-01-28,2021-01-28,1,0.0,0,0.0
3200576.6010249056,2021-01-30,2021-01-30,1,0.0,0,0.0
45257464.7895553819,2020-11-27,2020-11-27,1,0.0,0,0.0
1640570.8880108249,2021-01-27,2021-01-27,1,0.0,0,0.0
7828968.5532093675,2021-01-03,2021-01-03,1,0.0,0,0.0
86953811.9568548667,2021-01-07,2021-01-07,1,0.0,0,0.0
6280831.3394929997,2020-12-19,2020-12-19,1,0.0,0,0.0
70482486.1697864148,2020-12-12,2020-12-12,1,0.0,0,0.0
22747613.6306010094,2021-01-26,2021-01-26,1,0.0,0,0.0
65074529.5184314763,2021-01-25,2021-01-25,1,0.0,0,0.0
4537895.5543332501,2021-01-22,2021-01-25,2,0.0,0,0.0
1853643.3428383635,2021-01-26,2021-01-26,1,0.0,0,0.0
49767223.5352585859,2021-01-26,2021-01-26,1,0.0,0,0.0
8091939.2583768564,2020-12-01,2020-12-01,1,0.0,0,0.0
26216251.4730699691,2021-01-19,2021-01-19,1,0.0,0,0.0
5763685.3501321242,2020-11-25,2020-11-25,1,0.0,0,0.0
4389831.8508135471,2021-01-28,2021-01-28,1,0.0,0,0.0
15980073.3222059333,2020-11-20,2020-11-20,1,0.0,0,0.0
25335884.4954821522,2021-01-20,2021-01-20,1,0.0,0,0.0
44950827.3051148703,2021-01-29,2021-01-29,1,0.0,0,0.0
6693276.6476626939,2021-01-29,2021-01-29,1,0.0,0,0.0
4177189.8300997361,2021-01-28,2021-01-28,1,0.0,0,0.0
81895141.9085714245,2021-01-28,2021-01-28,3,0.0,0,0.0
5815923.3776683046,2021-01-28,2021-01-28,1,0.0,0,0.0
8294350.9338556445,2021-01-22,2021-01-22,2,0.0,0,0.0
90269038.6613046003,2020-11-27,2020-11-27,1,0.0,0,0.0
3064545.8757542181,2021-01-28,2021-01-28,1,0.0,0,0.0
54696845.1905811411,2021-01-14,2021-01-14,2,0.0,0,0.0
5928479.2791170847,2021-01-25,2021-01-25,1,0.0,0,0.0
4468568788.4278721883,2021-01-27,2021-01-27,1,0.0,0,0.0
88553552.9857813021,2020-11-28,2020-11-28,1,0.0,0,0.0
3700821.9534517042,2021-01-28,2021-01-28,1,0.0,0,0.0
10821383.9460228023,2021-01-28,2021-01-28,1,0.0,0,0.0
79194354.8403749496,2021-01-27,2021-01-27,1,0.0,0,0.0
91746380.0623200645,2021-01-30,2021-01-30,1,0.0,0,0.0
21818790.8215652903,2021-01-31,2021-01-31,1,0.0,0,0.0
64153722.8541983540,2021-01-26,2021-01-26,1,0.0,0,0.0
13910378.6069465786,2021-01-27,2021-01-27,1,0.0,0,0.0
63540408.3343349344,2020-12-15,2020-12-15,1,0.0,0,0.0
7900243.6096503066,2020-12-15,2020-12-15,1,0.0,0,0.0
73813216.5798834088,2020-12-15,2020-12-15,1,0.0,0,0.0
8587174.3590024716,2020-12-02,2020-12-02,1,0.0,0,0.0
75625883.7002358699,2020-12-03,2020-12-03,1,0.0,0,0.0
42447971.3619447200,2021-01-17,2021-01-17,1,0.0,0,0.0
4598956.2090906849,2020-12-22,2020-12-22,1,0.0,0,0.0
1182904.1878354544,2021-01-21,2021-01-21,1,0.0,0,0.0
5171848.5405961032,2021-01-28,2021-01-28,1,0.0,0,0.0
73111349.9152668013,2020-12-21,2020-12-21,1,0.0,0,0.0
2081240.8078085855,2021-01-28,2021-01-28,1,0.0,0,0.0
53159985.2898572560,2020-11-28,2020-11-28,1,0.0,0,0.0
48117822.0979250402,2021-01-29,2021-01-29,1,0.0,0,0.0
1894983799.0934918731,2021-01-26,2021-01-26,1,0.0,0,0.0
13309292.1735139529,2020-12-13,2020-12-13,1,0.0,0,0.0
56840968.3563409774,2020-11-30,2020-11-30,1,0.0,0,0.0
5984221.3457089159,2021-01-29,2021-01-29,1,0.0,0,0.0
7796807.8643581431,2020-11-20,2020-11-20,1,0.0,0,0.0
49394451.7466103154,2020-11-19,2020-11-19,1,0.0,0,0.0
25975919.8078802563,2021-01-30,2021-01-30,1,0.0,0,0.0
2042831.7286537321,2021-01-26,2021-01-26,1,0.0,0,0.0
4568620.3650859083,2021-01-24,2021-01-24,1,0.0,0,0.0
1193142.8603592229,2021-01-28,2021-01-28,1,0.0,0,0.0
63463333.0717368050,2021-01-29,2021-01-29,3,0.0,0,0.0
4696219.9403845023,2021-01-31,2021-01-31,1,0.0,0,0.0
70947919.9290448682,2020-12-10,2020-12-10,1,0.0,0,0.0
22284421.8180471572,2021-01-30,2021-01-30,1,0.0,0,0.0
1423291.2795508012,2020-11-27,2020-11-27,1,0.0,0,0.0
5632809.7175073069,2020-11-28,2020-11-28,1,0.0,0,0.0
47392694.7102797688,2021-01-14,2021-01-14,1,0.0,0,0.0
7824704.2819260765,2020-12-01,2020-12-01,1,0.0,0,0.0
29537351.9278056723,2021-01-25,2021-01-25,1,0.0,0,0.0
3027032.3904917454,2021-01-27,2021-01-27,1,0.0,0,0.0
56971593.6553626620,2021-01-27,2021-01-27,2,0.0,0,0.0
6814622.9266158770,2021-01-28,2021-01-28,1,0.0,0,0.0
5568834.0198043803,2020-12-14,2020-12-14,1,0.0,0,0.0
54509774.5004364309,2021-01-26,2021-01-26,1,0.0,0,0.0
5318101.4795757171,2021-01-31,2021-01-31,1,0.0,0,0.0
2298844.6958469404,2021-01-26,2021-01-26,1,0.0,0,0.0
35982193.4567496362,2020-12-10,2020-12-10,1,0.0,0,0.0
59478062.9287302152,2021-01-27,2021-01-27,1,0.0,0,0.0
3268862.3173694017,2021-01-30,2021-01-30,1,0.0,0,0.0
3860235.7790628928,2021-01-28,2021-01-28,1,0.0,0,0.0
39254981.9392319291,2021-01-27,2021-01-27,1,0.0,0,0.0
57726778.6402449716,2021-01-29,2021-01-29,1,0.0,0,0.0
3498330.7661176959,2021-01-29,2021-01-29,1,0.0,0,0.0
4821487.9933529006,2021-01-16,2021-01-16,1,0.0,0,0.0
63037540.6013143839,2020-12-02,2020-12-02,1,0.0,0,0.0
4635048.9350683408,2021-01-28,2021-01-28,1,0.0,0,0.0
9018980.6087099719,2021-01-28,2021-01-28,1,0.0,0,0.0
18469821.5170103104,2020-11-26,2020-11-26,1,0.0,0,0.0
64846097.2247732845,2021-01-28,2021-01-28,1,0.0,0,0.0
4421752900.1361018322,2021-01-28,2021-01-28,1,0.0,0,0.0
91133314.4607314875,2021-01-16,2021-01-16,1,0.0,0,0.0
1961488.2199808567,2020-12-07,2020-12-07,1,0.0,0,0.0
3545895.3677550306,2021-01-20,2021-01-20,1,0.0,0,0.0
37373345.2187889953,2021-01-29,2021-01-29,1,0.0,0,0.0
6806152.5390581469,2020-11-25,2020-11-25,1,0.0,0,0.0
7905031.0128114009,2021-01-27,2021-01-27,1,0.0,0,0.0
8774267.9963267787,2021-01-30,2021-01-30,1,0.0,0,0.0
67648046.0122401051,2021-01-27,2021-01-27,1,0.0,0,0.0
7646522.0396292431,2021-01-26,2021-01-26,1,0.0,0,0.0
60843222.5171052038,2021-01-09,2021-01-09,1,0.0,0,0.0
38693124.8629644455,2020-12-22,2020-12-22,1,0.0,0,0.0
7024208.9401929141,2021-01-29,2021-01-29,1,0.0,0,0.0
11080044.8197718586,2020-11-20,2020-11-20,1,0.0,0,0.0
64920042.7172093895,2021-01-26,2021-01-31,3,0.0,0,0.0
91426655.5769251767,2021-01-29,2021-01-29,1,0.0,0,0.0
88282080.9608017775,2021-01-29,2021-01-29,1,0.0,0,0.0
6685656.2124394276,2021-01-30,2021-01-30,1,0.0,0,0.0
76213920.5448983035,2021-01-22,2021-01-22,1,0.0,0,0.0
88068021.6446437503,2020-12-12,2020-12-12,1,0.0,0,0.0
7680992.0250737738,2021-01-28,2021-01-28,1,0.0,0,0.0
9196917.7838219956,2021-01-29,2021-01-29,1,0.0,0,0.0
24372566.3302802100,2020-11-29,2020-11-29,1,0.0,0,0.0
60952845.2415737283,2021-01-07,2021-01-07,1,0.0,0,0.0
7745302.0653249489,2021-01-28,2021-01-28,1,0.0,0,0.0
8960547.1535128102,2021-01-29,2021-01-29,1,0.0,0,0.0
77782985.0878230095,2020-11-24,2020-11-24,1,0.0,0,0.0
22030162.5005043943,2021-01-27,2021-01-27,1,0.0,0,0.0
55013435.8650490579,2020-12-07,2020-12-07,1,0.0,0,0.0
42486280.7395375883,2021-01-27,2021-01-27,1,0.0,0,0.0
3440200.0404717067,2021-01-29,2021-01-29,1,0.0,0,0.0
14361638.5543305287,2021-01-20,2021-01-20,1,0.0,0,0.0
1255130.2864074728,2021-01-29,2021-01-29,1,0.0,0,0.0
5310673.5893788139,2021-01-15,2021-01-15,1,0.0,0,0.0
4064825.9453243518,2021-01-12,2021-01-12,1,0.0,0,0.0
8339273.2212652501,2021-01-29,2021-01-29,1,0.0,0,0.0
5712045.3025454350,2021-01-23,2021-01-23,1,0.0,0,0.0
1926248.7653564587,2021-01-29,2021-01-29,1,0.0,0,0.0
4096423.2647740834,2020-11-30,2020-11-30,1,0.0,0,0.0
4245089.1378545302,2021-01-17,2021-01-17,1,0.0,0,0.0
56499542.2196405586,2021-01-28,2021-01-28,1,0.0,0,0.0
9496678.6298237945,2021-01-26,2021-01-26,1,0.0,0,0.0
2389776.2797114350,2020-12-01,2020-12-01,1,0.0,0,0.0
55949516.0645110964,2020-12-12,2020-12-12,1,0.0,0,0.0
91541812.0825246466,2020-12-05,2020-12-05,1,0.0,0,0.0
14058582.9385029369,2021-01-26,2021-01-26,1,0.0,0,0.0
40322346.7762887949,2021-01-21,2021-01-21,1,0.0,0,0.0
8571652.3249012608,2020-12-03,2020-12-03,1,0.0,0,0.0
6608637449.3511166305,2020-11-25,2020-11-25,2,0.0,0,0.0
4481070.1047655441,2021-01-28,2021-01-28,1,0.0,0,0.0
19963687.0354504348,2021-01-27,2021-01-27,1,0.0,0,0.0
39214432.1935349913,2021-01-05,2021-01-05,1,0.0,0,0.0
74117980.4808634784,2021-01-30,2021-01-30,1,0.0,0,0.0
5123007663.9429596553,2021-01-27,2021-01-30,2,0.0,0,0.0
5107942.1768070238,2021-01-29,2021-01-29,1,0.0,0,0.0
3491526.3640223848,2020-12-30,2020-12-30,1,0.0,0,0.0
51270177.6841667595,2020-11-19,2020-11-19,1,0.0,0,0.0
58736558.6012465712,2021-01-30,2021-01-30,1,0.0,0,0.0
6270498.6065284742,2021-01-28,2021-01-28,1,0.0,0,0.0
15915162.6155014117,2020-12-01,2020-12-01,1,0.0,0,0.0
69445303.0389577060,2021-01-30,2021-01-30,1,0.0,0,0.0
88929019.3402896993,2021-01-26,2021-01-26,1,0.0,0,0.0
7260075.8826197757,2021-01-20,2021-01-20,1,0.0,0,0.0
4181698.3900917982,2020-12-01,2020-12-01,1,0.0,0,0.0
68008847.1017469833,2021-01-25,2021-01-25,1,0.0,0,0.0
71247574.5829601913,2020-12-12,2020-12-12,1,0.0,0,0.0
55916158.1192891856,2021-01-31,2021-01-31,1,0.0,0,0.0
24471192.8543126263,2021-01-27,2021-01-27,1,0.0,0,0.0
67098567.0990511208,2021-01-29,2021-01-29,1,0.0,0,0.0
5028379.5646723836,2020-11-22,2020-11-22,1,0.0,0,0.0
47643991.6432442348,2020-12-14,2020-12-14,1,0.0,0,0.0
3577198.3654081165,2021-01-30,2021-01-30,3,0.0,0,0.0
36235183.0593363981,2021-01-29,2021-01-29,1,0.0,0,0.0
87577432.8152098260,2020-12-25,2020-12-25,1,0.0,0,0.0
68242526.6661845299,2021-01-29,2021-01-29,1,0.0,0,0.0
3398888.3003961025,2020-11-19,2020-11-19,1,0.0,0,0.0
3555628.5886474906,2020-12-01,2020-12-01,1,0.0,0,0.0
8015042.5369619169,2020-12-07,2020-12-07,1,0.0,0,0.0
52031726.0385935363,2021-01-27,2021-01-27,1,0.0,0,0.0
90691089.7887427562,2021-01-27,2021-01-27,1,0.0,0,0.0
2542556.2097295973,2021-01-29,2021-01-29,1,0.0,0,0.0
77640762.1622931913,2021-01-11,2021-01-11,1,0.0,0,0.0
75944030.6096345651,2020-12-13,2020-12-13,1,0.0,0,0.0
83964223.5390116210,2021-01-25,2021-01-25,1,0.0,0,0.0
7276398.7783138372,2020-12-01,2020-12-01,1,0.0,0,0.0
1676350.1289757682,2021-01-20,2021-01-20,1,0.0,0,0.0
8753831.5083812467,2021-01-18,2021-01-18,1,0.0,0,0.0
68643486.2549022413,2020-11-20,2020-11-20,1,0.0,0,0.0
1857672.4962438871,2021-01-22,2021-01-22,1,0.0,0,0.0
3035721.7488676576,2020-12-01,2020-12-01,1,0.0,0,0.0
13174020.7610093842,2021-01-08,2021-01-08,1,0.0,0,0.0
39238804.4841294487,2021-01-28,2021-01-28,1,0.0,0,0.0
21872031.3119669682,2020-11-28,2020-11-28,1,0.0,0,0.0
2817905.8623001125,2020-12-07,2020-12-07,1,0.0,0,0.0
5458906.5297090085,2021-01-30,2021-01-30,1,0.0,0,0.0
5746969.2137483525,2021-01-26,2021-01-26,1,0.0,0,0.0
4549721.1046295320,2021-01-28,2021-01-28,1,0.0,0,0.0
72669904.7639979358,2021-01-26,2021-01-26,1,0.0,0,0.0
1980255.1350592440,2021-01-20,2021-01-20,1,0.0,0,0.0
84323891.4564966445,2021-01-28,2021-01-28,1,0.0,0,0.0
34884118.9026294714,2021-01-19,2021-01-19,2,0.0,0,0.0
41786391.2766491024,2021-01-26,2021-01-26,1,0.0,0,0.0
97011837.0071258497,2020-12-04,2020-12-04,1,0.0,0,0.0
67115901.4020608908,2021-01-29,2021-01-29,1,0.0,0,0.0
57031563.5866097136,2021-01-27,2021-01-27,1,0.0,0,0.0
6300831.9870547117,2021-01-28,2021-01-28,1,0.0,0,0.0
7291397.6091074904,2021-01-26,2021-01-26,1,0.0,0,0.0
26435169.9586592708,2021-01-29,2021-01-29,1,0.0,0,0.0
3262847.4906457278,2021-01-27,2021-01-27,1,0.0,0,0.0
91529880.6749765308,2020-11-20,2020-11-20,1,0.0,0,0.0
41741661.3891662437,2021-01-28,2021-01-28,1,0.0,0,0.0
31640172.6087660596,2021-01-26,2021-01-26,1,0.0,0,0.0
51345641.6074784926,2021-01-29,2021-01-29,1,0.0,0,0.0
66894374.1631079804,2020-12-01,2020-12-01,1,0.0,0,0.0
60304773.1030019476,2020-12-28,2020-12-28,1,0.0,0,0.0
3921051.5087440564,2021-01-27,2021-01-27,1,0.0,0,0.0
42338461.7796956245,2021-01-28,2021-01-28,1,0.0,0,0.0
4921679.6988965991,2020-11-20,2020-11-20,1,0.0,0,0.0
3972028.6546737895,2021-01-29,2021-01-29,1,0.0,0,0.0
6099877.8106632683,2020-12-18,2020-12-18,1,0.0,0,0.0
42546302.3184448201,2021-01-26,2021-01-26,1,0.0,0,0.0
34497430.3741988669,2020-11-20,2020-11-20,1,0.0,0,0.0
8846133.3726396176,2021-01-27,2021-01-27,1,0.0,0,0.0
10218055.9834759550,2021-01-29,2021-01-29,1,0.0,0,0.0